gene,uniprot,ratio_PD_vs_control,significant,log2fc
A1BG,P04217,0.9,False,-0.152
A2M,P01023,0.9,False,-0.152
,A8MW06,0.97,False,-0.0439
AAK1,Q2M2I8,0.98,False,-0.0291
AARS,P49588,1.05,False,0.0704
AARSD1,Q9BTE6,1.0,False,0.0
ABAT,P80404,0.87,False,-0.2009
ABCE1,P61221,1.02,False,0.0286
ABCF1,Q8NE71,0.98,False,-0.0291
ABHD10,Q9NUJ1,0.94,False,-0.0893
ABHD12,Q8N2K0,0.9,True,-0.152
ABHD14B,Q96IU4,1.22,True,0.2869
ABHD16A,O95870,0.97,False,-0.0439
ABI2,Q9NYB9,1.09,False,0.1243
ABR,Q12979,1.02,False,0.0286
ACAA1,P09110,1.04,False,0.0566
ACAA2,P42765,0.91,False,-0.1361
ACAD9,Q9H845,0.81,True,-0.304
ACADM,P11310,0.98,False,-0.0291
ACADS,P16219,0.76,False,-0.3959
ACADSB,P45954,0.85,False,-0.2345
ACADVL,P49748,1.0,False,0.0
ACAT1,P24752,0.98,False,-0.0291
ACAT2,Q9BWD1,0.93,False,-0.1047
ACE,P12821,0.81,False,-0.304
ACHE,P22303,0.82,True,-0.2863
ACLY,P53396,0.96,False,-0.0589
ACO1,P21399,1.17,True,0.2265
ACO2,Q99798,0.97,False,-0.0439
ACOT13,Q9NPJ3,1.01,False,0.0144
ACOT7,O00154,0.93,False,-0.1047
ACOT9,Q9Y305,0.92,False,-0.1203
ACP2,P11117,0.8,True,-0.3219
ACSBG1,Q96GR2,1.09,False,0.1243
ACSL1,P33121,0.92,False,-0.1203
ACSL3,O95573,0.89,True,-0.1681
ACSL6,Q9UKU0,0.93,False,-0.1047
ACSS1,Q9NUB1,1.01,False,0.0144
ACSS3,Q9H6R3,1.04,False,0.0566
ACTB,P60709,1.03,False,0.0426
ACTG2,P63267,1.01,False,0.0144
ACTN1,P12814,0.98,False,-0.0291
ACTN2,P35609,0.91,False,-0.1361
ACTN4,O43707,0.99,False,-0.0145
ACTR10,Q9NZ32,1.0,False,0.0
ACTR1A,P61163,1.03,False,0.0426
ACTR2,P61160,1.01,False,0.0144
ACTR3,P61158,1.03,False,0.0426
ACTR3B,Q9P1U1,1.04,False,0.0566
ACYP1,P07311,0.96,False,-0.0589
ACYP2,P14621,1.2,True,0.263
ADAM10,O14672,1.17,False,0.2265
ADAM22,Q9P0K1,1.0,False,0.0
ADAM23,O75077,1.03,False,0.0426
ADAP1,O75689,1.07,False,0.0976
ADAR,P55265,0.92,False,-0.1203
ADCY5,O95622,0.97,False,-0.0439
ADD1,P35611,1.08,False,0.111
ADD2,P35612,0.98,False,-0.0291
ADD3,Q9UEY8,1.13,True,0.1763
ADH5,P11766,1.12,False,0.1635
ADK,P55263,1.0,False,0.0
ADRBK1,P25098,0.66,False,-0.5995
ADSS,P30520,0.96,False,-0.0589
AFG3L2,Q9Y4W6,0.95,False,-0.074
AGK,Q53H12,0.89,False,-0.1681
AGL,P35573,0.95,False,-0.074
AGRN,O00468,1.11,False,0.1506
AHCY,P23526,1.04,False,0.0566
AHCYL1,O43865,1.13,True,0.1763
AHNAK,Q09666,1.2,False,0.263
AIFM1,O95831,0.99,False,-0.0145
AIP,O00170,0.97,False,-0.0439
AK1,P00568,1.16,False,0.2141
AK3,Q9UIJ7,0.95,False,-0.074
AK4,P27144,0.88,False,-0.1844
AKAP12,Q02952,0.98,False,-0.0291
AKR1A1,P14550,1.24,True,0.3103
AKR1B1,P15121,1.02,False,0.0286
AKR1C2,P52895,1.44,True,0.5261
AKR1C3,P42330,1.49,True,0.5753
AKR7A2,O43488,1.1,False,0.1375
ALAD,P13716,1.28,True,0.3561
ALB,P02768,0.94,False,-0.0893
ALCAM,Q13740,1.02,False,0.0286
ALDH1A1,P00352,0.79,False,-0.3401
ALDH1B1,P30837,0.71,False,-0.4941
ALDH1L1,O75891,0.99,False,-0.0145
ALDH2,P05091,0.89,True,-0.1681
ALDH3A2,P51648,0.98,False,-0.0291
ALDH4A1,P30038,0.91,False,-0.1361
ALDH5A1,P51649,1.0,False,0.0
ALDH6A1,Q02252,1.0,False,0.0
ALDH7A1,P49419,1.04,False,0.0566
ALDH9A1,P49189,1.2,True,0.263
ALDOA,P04075,1.0,False,0.0
ALDOC,P09972,0.99,False,-0.0145
AMPD2,Q01433,1.11,False,0.1506
AMPH,P49418,0.94,False,-0.0893
ANK2,Q01484,1.04,False,0.0566
ANK3,Q12955,0.96,False,-0.0589
ANKFY1,Q9P2R3,1.11,True,0.1506
ANKMY2,Q8IV38,1.02,False,0.0286
ANLN,Q9NQW6,1.11,False,0.1506
ANO3,Q9BYT9,0.93,False,-0.1047
ANXA1,P04083,1.58,True,0.6599
ANXA2,P07355,1.19,False,0.251
ANXA5,P08758,1.19,True,0.251
ANXA6,P08133,0.98,False,-0.0291
ANXA7,P20073,1.06,False,0.0841
AP1B1,Q10567,0.94,False,-0.0893
AP1G1,O43747,0.98,False,-0.0291
AP1M1,Q9BXS5,0.9,True,-0.152
AP2A1,O95782,0.96,False,-0.0589
AP2A2,O94973,0.95,False,-0.074
AP2B1,P63010,1.01,False,0.0144
AP2M1,Q96CW1,0.94,False,-0.0893
AP2S1,P53680,0.93,False,-0.1047
AP3B1,O00203,1.03,False,0.0426
AP3B2,Q13367,0.9,False,-0.152
AP3D1,O14617,0.92,False,-0.1203
APEH,P13798,1.02,False,0.0286
APEX1,P27695,0.97,False,-0.0439
APM2,Q15847,0.92,False,-0.1203
APMAP,Q9HDC9,0.93,False,-0.1047
APOA1,P02647,1.05,False,0.0704
APOA1BP,Q8NCW5,1.04,False,0.0566
APOB,P04114,0.66,False,-0.5995
APOD,P05090,1.18,True,0.2388
APOE,P02649,0.95,False,-0.074
APOL2,Q9BQE5,1.05,False,0.0704
APOO,Q9BUR5,0.87,True,-0.2009
APP,P05067,0.99,False,-0.0145
APPL1,Q9UKG1,1.06,False,0.0841
APRT,P07741,1.18,True,0.2388
AQP4,P55087,2.96,False,1.5656
ARF3,P61204,1.04,False,0.0566
ARF4,P18085,1.02,False,0.0286
ARF5,P84085,1.0,False,0.0
ARFGEF3,Q5TH69,1.05,False,0.0704
ARHGAP1,Q07960,0.97,False,-0.0439
ARHGDIA,P52565,1.04,False,0.0566
ARHGDIB,P52566,0.95,False,-0.074
ARHGEF2,Q92974,1.0,False,0.0
ARHGEF7,Q14155,0.98,False,-0.0291
ARL2,P36404,1.0,False,0.0
ARL3,P36405,1.1,True,0.1375
ARL6IP5,O75915,0.95,False,-0.074
ARL8A,Q96BM9,1.03,False,0.0426
ARL8B,Q9NVJ2,1.2,False,0.263
ARMC10,Q8N2F6,0.93,False,-0.1047
ARMCX3,Q9UH62,1.03,False,0.0426
ARPC1A,Q92747,1.05,False,0.0704
ARPC2,O15144,1.03,False,0.0426
ARPC3,O15145,1.05,False,0.0704
ARPC4,P59998,1.01,False,0.0144
ARPC5L,Q9BPX5,0.98,False,-0.0291
ARPP21,Q9UBL0,1.05,False,0.0704
ARRB1,P49407,0.95,False,-0.074
ARSA,P15289,0.82,True,-0.2863
ASAH1,Q13510,0.94,False,-0.0893
ASNA1,O43681,0.98,False,-0.0291
ASPA,P45381,1.53,False,0.6135
ASRGL1,Q7L266,1.15,False,0.2016
ASS1,P00966,1.53,True,0.6135
ATAD1,Q8NBU5,0.86,True,-0.2176
ATAD3A,Q9NVI7,0.92,False,-0.1203
ATCAY,Q86WG3,1.05,False,0.0704
ATG3,Q9NT62,1.06,False,0.0841
ATIC,P31939,1.02,False,0.0286
ATL1,Q8WXF7,0.94,False,-0.0893
ATL2,Q8NHH9,1.23,False,0.2987
ATP1A1,P05023,0.93,False,-0.1047
ATP1A2,P50993,0.91,False,-0.1361
ATP1A3,P13637,0.96,False,-0.0589
ATP1B1,P05026,0.95,False,-0.074
ATP1B2,P14415,0.92,False,-0.1203
ATP2A2,P16615,0.96,False,-0.0589
ATP2B1,P20020,0.89,False,-0.1681
ATP2B2,Q01814,1.0,False,0.0
ATP2B3,Q16720,0.98,False,-0.0291
ATP2B4,P23634,1.0,False,0.0
ATP5A1,P25705,0.98,False,-0.0291
ATP5B,P06576,0.97,False,-0.0439
ATP5C1,P36542,0.98,False,-0.0291
ATP5F1,P24539,0.93,False,-0.1047
ATP5H,O75947,0.94,False,-0.0893
ATP5I,P56385,0.92,False,-0.1203
ATP5J,P18859,0.97,False,-0.0439
ATP5J2,P56134,0.93,False,-0.1047
ATP5L,O75964,0.95,False,-0.074
ATP5O,P48047,0.94,False,-0.0893
ATP6AP1,Q15904,0.85,True,-0.2345
ATP6V0A1,Q93050,0.87,True,-0.2009
ATP6V0D1,P61421,0.9,False,-0.152
ATP6V1A,P38606,0.98,False,-0.0291
ATP6V1B2,P21281,0.98,False,-0.0291
ATP6V1C1,P21283,0.95,False,-0.074
ATP6V1D,Q9Y5K8,1.0,False,0.0
ATP6V1E1,P36543,0.96,False,-0.0589
ATP6V1F,Q16864,0.95,False,-0.074
ATP6V1G1,O75348,1.0,False,0.0
ATP6V1G2,O95670,1.08,False,0.111
ATP6V1H,Q9UI12,0.97,False,-0.0439
ATP8A1,Q9Y2Q0,0.93,False,-0.1047
ATP9A,O75110,0.97,False,-0.0439
ATPIF1,Q9UII2,0.92,False,-0.1203
AUH,Q13825,0.97,False,-0.0439
BAG3,O95817,1.23,True,0.2987
BAG6,P46379,0.9,False,-0.152
BAIAP2,Q9UQB8,1.05,False,0.0704
BASP1,P80723,0.95,False,-0.074
BCAN,Q96GW7,1.01,False,0.0144
BCAP31,P51572,0.9,True,-0.152
BCAS1,O75363,0.98,False,-0.0291
BCAS3,Q9H6U6,0.91,False,-0.1361
BCAT1,P54687,0.79,True,-0.3401
BCL2L13,Q9BXK5,0.97,False,-0.0439
BCR,P11274,0.93,False,-0.1047
BCS1L,Q9Y276,0.97,False,-0.0439
BDH1,Q02338,0.98,False,-0.0291
BDH2,Q9BUT1,1.03,False,0.0426
BIN1,O00499,1.02,False,0.0286
BLVRA,P53004,0.99,False,-0.0145
BLVRB,P30043,1.04,False,0.0566
BPNT1,O95861,1.11,False,0.1506
BRAF,P15056,1.0,False,0.0
BRK1,Q8WUW1,0.95,False,-0.074
BRP44,O95563,0.95,False,-0.074
BSCL2,Q96G97,0.67,True,-0.5778
BSG,P35613,1.01,False,0.0144
BSN,Q9UPA5,0.91,False,-0.1361
BZW1,Q7L1Q6,0.9,False,-0.152
C11ORF54,Q9H0W9,1.15,False,0.2016
C11ORF68,Q9H3H3,1.01,False,0.0144
C12ORF51,Q9Y4D8,0.92,False,-0.1203
C14ORF159,Q7Z3D6,0.92,False,-0.1203
C14ORF166,Q9Y224,1.03,False,0.0426
C1ORF95,Q69YW2,1.07,False,0.0976
C20ORF27,Q9GZN8,1.03,False,0.0426
C21ORF33,P30042,0.92,False,-0.1203
C22ORF28,Q9Y3I0,1.0,False,0.0
C2CD2L,O14523,0.94,False,-0.0893
C3,P01024,0.85,False,-0.2345
C4A,P0C0L4,0.82,False,-0.2863
C6ORF174,Q5TF21,0.9,True,-0.152
C6ORF211,Q9H993,0.97,False,-0.0439
C9ORF64,Q5T6V5,1.1,False,0.1375
CA1,P00915,0.9,False,-0.152
CA2,P00918,1.19,False,0.251
CAB39,Q9Y376,0.92,False,-0.1203
CAB39L,Q9H9S4,0.96,False,-0.0589
CACNA2D1,P54289,1.03,False,0.0426
CACNA2D2,Q9NY47,0.85,True,-0.2345
CACNA2D3,Q8IZS8,0.97,False,-0.0439
CACNB4,O00305,0.97,False,-0.0439
CACYBP,Q9HB71,0.89,False,-0.1681
CADM1,Q9BY67,0.97,False,-0.0439
CADM2,Q8N3J6,0.95,False,-0.074
CADM3,Q8N126,1.04,False,0.0566
CADM4,Q8NFZ8,1.1,False,0.1375
CADPS,Q9ULU8,0.82,True,-0.2863
CALB1,P05937,0.95,False,-0.074
CALB2,P22676,1.05,False,0.0704
CALM1,P62158,0.91,False,-0.1361
CALR,P27797,0.97,False,-0.0439
CAMK1,Q14012,0.97,False,-0.0439
CAMK1D,Q8IU85,1.05,False,0.0704
CAMK2A,Q9UQM7,0.96,False,-0.0589
CAMK2B,Q13554,1.02,False,0.0286
CAMK2D,Q13557,1.0,False,0.0
CAMK2G,Q13555,1.06,False,0.0841
CAMK4,Q16566,1.05,False,0.0704
CAMKK1,Q8N5S9,0.95,False,-0.074
CAND1,Q86VP6,1.02,False,0.0286
CANX,P27824,0.91,False,-0.1361
CAP1,Q01518,1.03,False,0.0426
CAP2,P40123,0.99,False,-0.0145
CAPG,P40121,1.04,False,0.0566
CAPN1,P07384,1.09,False,0.1243
CAPN2,P17655,1.08,False,0.111
CAPNS1,P04632,1.1,False,0.1375
CAPZA1,P52907,0.95,False,-0.074
CAPZA2,P47755,1.01,False,0.0144
CAPZB,P47756,0.98,False,-0.0291
CARHSP1,Q9Y2V2,1.02,False,0.0286
CARKD,Q8IW45,1.09,False,0.1243
CARNS1,A5YM72,0.98,False,-0.0291
CARS,P49589,1.01,False,0.0144
CASK,O14936,1.09,False,0.1243
CASKIN1,Q8WXD9,0.95,False,-0.074
CAT,P04040,1.03,False,0.0426
CBR1,P16152,1.14,False,0.189
CBR3,O75828,0.97,False,-0.0439
CCBL2,Q6YP21,0.83,False,-0.2688
CCDC127,Q96BQ5,1.09,False,0.1243
CCDC22,O60826,1.09,False,0.1243
CCDC6,Q16204,0.91,False,-0.1361
CCNY,Q8ND76,0.97,False,-0.0439
CCT2,P78371,0.95,False,-0.074
CCT3,P49368,0.96,False,-0.0589
CCT4,P50991,0.96,False,-0.0589
CCT5,P48643,0.95,False,-0.074
CCT6A,P40227,0.97,False,-0.0439
CCT7,Q99832,0.96,False,-0.0589
CCT8,P50990,0.96,False,-0.0589
CD44,P16070,0.98,False,-0.0291
CD47,Q08722,0.92,False,-0.1203
CD59,P13987,1.07,False,0.0976
CD81,P60033,1.15,False,0.2016
CD9,P21926,1.37,False,0.4542
CD99,P14209,1.26,True,0.3334
CDC42,P60953,1.04,False,0.0566
CDC42EP4,Q9H3Q1,1.13,False,0.1763
CDK18,Q07002,1.09,False,0.1243
CDK5,Q00535,0.95,False,-0.074
CDS2,O95674,0.99,False,-0.0145
CEND1,Q8N111,0.96,False,-0.0589
CEP170,Q5SW79,1.01,False,0.0144
CFL1,P23528,1.11,True,0.1506
CFL2,Q9Y281,1.03,False,0.0426
CHCHD3,Q9NX63,0.96,False,-0.0589
CHCHD6,Q9BRQ6,0.89,False,-0.1681
CHDH,Q8NE62,0.95,False,-0.074
CHGB,P05060,0.97,False,-0.0439
CHL1,O00533,1.1,False,0.1375
CISD1,Q9NZ45,1.04,False,0.0566
CKAP5,Q14008,1.02,False,0.0286
CKB,P12277,1.0,False,0.0
CKMT1A,P12532,0.96,False,-0.0589
CLASP1,Q7Z460,0.87,True,-0.2009
CLASP2,O75122,1.01,False,0.0144
CLCN5,P51795,0.89,False,-0.1681
CLCN6,P51797,0.91,False,-0.1361
CLDN11,O75508,1.03,False,0.0426
CLIC4,Q9Y696,1.08,False,0.111
CLIP2,Q9UDT6,1.03,False,0.0426
CLTA,P09496,0.88,True,-0.1844
CLTB,P09497,0.92,False,-0.1203
CLTC,Q00610,0.93,False,-0.1047
CLU,P10909,0.92,False,-0.1203
CMBL,Q96DG6,1.13,True,0.1763
CMPK1,P30085,0.98,False,-0.0291
CNDP2,Q96KP4,1.17,True,0.2265
CNP,P09543,1.12,False,0.1635
CNTN1,Q12860,0.98,False,-0.0291
CNTNAP1,P78357,0.94,False,-0.0893
CNTNAP2,Q9UHC6,0.95,False,-0.074
COASY,Q13057,1.02,False,0.0286
COMT,P21964,1.06,False,0.0841
COPA,P53621,0.92,False,-0.1203
COPB1,P53618,0.9,False,-0.152
COPG1,Q9Y678,0.94,False,-0.0893
COPG2,Q9UBF2,0.9,False,-0.152
COPS2,P61201,1.0,False,0.0
COPS3,Q9UNS2,1.01,False,0.0144
COPS4,Q9BT78,0.97,False,-0.0439
COPS5,Q92905,0.97,False,-0.0439
COPS6,Q7L5N1,1.0,False,0.0
COQ6,Q9Y2Z9,1.04,False,0.0566
COQ9,O75208,0.99,False,-0.0145
CORO1A,P31146,1.0,False,0.0
CORO1C,Q9ULV4,1.09,False,0.1243
CORO2B,Q9UQ03,0.98,False,-0.0291
COTL1,Q14019,1.2,True,0.263
COX4I1,P13073,0.89,True,-0.1681
COX5A,P20674,0.89,True,-0.1681
COX5B,P10606,0.91,False,-0.1361
COX6B1,P14854,0.96,False,-0.0589
COX6C,P09669,0.86,True,-0.2176
COX7A2,P14406,0.94,False,-0.0893
COX7A2L,O14548,0.97,False,-0.0439
COX7C,P15954,0.87,True,-0.2009
CPE,P16870,0.99,False,-0.0145
CPLX1,O14810,0.87,False,-0.2009
CPLX2,Q6PUV4,1.02,False,0.0286
CPNE2,Q96FN4,1.03,False,0.0426
CPNE3,O75131,1.15,True,0.2016
CPNE5,Q9HCH3,0.96,False,-0.0589
CPNE6,O95741,1.1,False,0.1375
CPQ,Q9Y646,1.05,False,0.0704
CPT1A,P50416,0.8,True,-0.3219
CPT2,P23786,1.14,False,0.189
CRAT,P43155,0.95,False,-0.074
CRIP2,P52943,1.22,False,0.2869
CRK,P46108,1.09,False,0.1243
CRKL,P46109,0.93,False,-0.1047
CRMP1,Q14194,0.94,False,-0.0893
CRTAC1,Q9NQ79,1.04,False,0.0566
CRYAB,P02511,1.18,True,0.2388
CRYL1,Q9Y2S2,1.22,True,0.2869
CRYM,Q14894,0.98,False,-0.0291
CRYZ,Q08257,0.95,False,-0.074
CS,O75390,0.96,False,-0.0589
CSDE1,O75534,0.83,True,-0.2688
CSE1L,P55060,1.05,False,0.0704
CSNK1D,P48730,0.97,False,-0.0439
CSNK2A1,P68400,0.93,False,-0.1047
CSRP1,P21291,1.25,True,0.3219
CST3,P01034,1.14,False,0.189
CSTB,P04080,1.11,False,0.1506
CTBP1,Q13363,0.92,False,-0.1203
CTBP2,P56545,1.0,False,0.0
CTNNA1,P35221,1.08,False,0.111
CTNNA2,P26232,1.14,True,0.189
CTNNB1,P35222,1.11,False,0.1506
CTNND1,O60716,1.04,False,0.0566
CTNND2,Q9UQB3,1.07,False,0.0976
CTSB,P07858,0.99,False,-0.0145
CTSD,P07339,0.94,False,-0.0893
CUL1,Q13616,0.99,False,-0.0145
CUL2,Q13617,0.99,False,-0.0145
CUL3,Q13618,0.97,False,-0.0439
CUL4B,Q13620,1.02,False,0.0286
CUL5,Q93034,1.01,False,0.0144
CUTA,O60888,1.08,False,0.111
CYB5R1,Q9UHQ9,0.95,False,-0.074
CYB5R2,Q6BCY4,1.05,False,0.0704
CYB5R3,P00387,1.12,True,0.1635
CYC1,P08574,0.96,False,-0.0589
CYCS,P99999,0.93,False,-0.1047
CYFIP1,Q7L576,0.99,False,-0.0145
CYFIP2,Q96F07,1.01,False,0.0144
DAAM2,Q86T65,1.2,True,0.263
DAK,Q3LXA3,1.12,True,0.1635
DAO,P14920,1.55,False,0.6323
DARS,P14868,1.0,False,0.0
DBI,P07108,1.28,False,0.3561
DBN1,Q16643,0.94,False,-0.0893
DBT,P11182,0.95,False,-0.074
DCLK1,O15075,1.05,False,0.0704
DCTN1,Q14203,1.0,False,0.0
DCTN2,Q13561,1.05,False,0.0704
DCTN3,O75935,0.99,False,-0.0145
DCTN4,Q9UJW0,1.05,False,0.0704
DCXR,Q7Z4W1,1.09,False,0.1243
DDAH1,O94760,1.19,True,0.251
DDAH2,O95865,1.12,False,0.1635
DDB1,Q16531,0.96,False,-0.0589
DDHD2,O94830,0.93,False,-0.1047
DDOST,P39656,0.87,True,-0.2009
DDRGK1,Q96HY6,1.01,False,0.0144
DDT,P30046,1.01,False,0.0144
DDX1,Q92499,1.0,False,0.0
DDX17,Q92841,1.01,False,0.0144
DDX39B,Q13838,1.06,False,0.0841
DDX3X,O00571,0.95,False,-0.074
DECR1,Q16698,0.96,False,-0.0589
DHX15,O43143,1.04,False,0.0566
DHX9,Q08211,1.07,False,0.0976
DIAPH1,O60610,0.97,False,-0.0439
DIP2A,Q14689,1.09,False,0.1243
DIP2B,Q9P265,1.01,False,0.0144
DIP2C,Q9Y2E4,0.99,False,-0.0145
DKK3,Q9UBP4,1.05,False,0.0704
DLAT,P10515,0.91,False,-0.1361
DLD,P09622,0.95,False,-0.074
DLG1,Q12959,1.18,True,0.2388
DLG2,Q15700,1.08,False,0.111
DLG4,P78352,0.95,False,-0.074
DLST,P36957,0.94,False,-0.0893
DMD,P11532,1.2,False,0.263
DMXL2,Q8TDJ6,0.92,False,-0.1203
DNAJA2,O60884,0.98,False,-0.0291
DNAJA4,Q8WW22,0.99,False,-0.0145
DNAJB1,P25685,0.96,False,-0.0589
DNAJB4,Q9UDY4,1.01,False,0.0144
DNAJC5,Q9H3Z4,0.89,True,-0.1681
DNAJC6,O75061,0.89,False,-0.1681
DNM1,Q05193,0.96,False,-0.0589
DNM1L,O00429,0.99,False,-0.0145
DNM2,P50570,1.04,False,0.0566
DNM3,Q9UQ16,0.98,False,-0.0291
DNPEP,Q9ULA0,1.14,True,0.189
DOCK4,Q8N1I0,0.94,False,-0.0893
DPP3,Q9NY33,1.01,False,0.0144
DPP6,P42658,1.01,False,0.0144
DPP7,Q9UHL4,0.93,False,-0.1047
DPYSL2,Q16555,1.06,False,0.0841
DPYSL3,Q14195,1.19,False,0.251
DPYSL4,O14531,1.03,False,0.0426
DPYSL5,Q9BPU6,1.01,False,0.0144
DST,Q03001,0.99,False,-0.0145
DSTN,P60981,0.95,False,-0.074
DTD1,Q8TEA8,1.07,False,0.0976
DUSP23,Q9BVJ7,0.9,False,-0.152
DUT,P33316,1.13,False,0.1763
DYNC1H1,Q14204,0.99,False,-0.0145
DYNC1I1,O14576,0.93,False,-0.1047
DYNC1I2,Q13409,1.01,False,0.0144
DYNC1LI1,Q9Y6G9,0.93,False,-0.1047
DYNC1LI2,O43237,1.08,False,0.111
DYNLL1,P63167,1.11,False,0.1506
DYNLL2,Q96FJ2,0.94,False,-0.0893
DYNLRB1,Q9NP97,0.98,False,-0.0291
ECH1,Q13011,0.93,False,-0.1047
ECHS1,P30084,0.96,False,-0.0589
EDIL3,O43854,1.03,False,0.0426
EEA1,Q15075,0.91,False,-0.1361
EEF1A1,P68104,1.28,True,0.3561
EEF1A2,Q05639,0.73,True,-0.454
EEF1B2,P24534,0.8,True,-0.3219
EEF1G,P26641,0.78,True,-0.3585
EEF2,P13639,0.92,False,-0.1203
EFHD2,Q96C19,1.07,False,0.0976
EFR3B,Q9Y2G0,0.97,False,-0.0439
EGFR,P00533,1.07,False,0.0976
EHD1,Q9H4M9,0.95,False,-0.074
EHD3,Q9NZN3,0.99,False,-0.0145
EIF2S1,P05198,0.96,False,-0.0589
EIF3A,Q14152,0.88,False,-0.1844
EIF3B,P55884,0.94,False,-0.0893
EIF3K,Q9UBQ5,0.9,False,-0.152
EIF4A1,P60842,0.92,False,-0.1203
EIF4A2,Q14240,0.92,False,-0.1203
EIF4B,P23588,1.11,True,0.1506
EIF4G2,P78344,0.96,False,-0.0589
EIF4H,Q15056,1.1,False,0.1375
EIF5,P55010,0.95,False,-0.074
EIF5A,P63241,1.08,False,0.111
EIF5B,O60841,1.06,False,0.0841
ELMO1,Q92556,1.07,False,0.0976
ELMOD1,Q8N336,1.03,False,0.0426
EML1,O00423,0.96,False,-0.0589
EML2,O95834,0.94,False,-0.0893
ENDOD1,O94919,1.04,False,0.0566
ENO1,P06733,1.08,False,0.111
ENO2,P09104,0.98,False,-0.0291
ENOPH1,Q9UHY7,1.06,False,0.0841
ENPP6,Q6UWR7,1.04,False,0.0566
ENSA,O43768,1.0,False,0.0
ENTPD2,Q9Y5L3,1.18,False,0.2388
EPB41,P11171,0.99,False,-0.0145
EPB41L1,Q9H4G0,1.0,False,0.0
EPB41L2,O43491,1.08,False,0.111
EPB41L3,Q9Y2J2,1.0,False,0.0
EPB49,Q08495,1.0,False,0.0
EPHB6,O15197,0.97,False,-0.0439
EPHX1,P07099,0.98,False,-0.0291
EPN1,Q9Y6I3,1.03,False,0.0426
EPN3,Q9H201,0.98,False,-0.0291
EPRS,P07814,0.86,False,-0.2176
EPS15L1,Q9UBC2,0.96,False,-0.0589
ERLIN2,O94905,0.99,False,-0.0145
ERMN,Q8TAM6,1.17,False,0.2265
ERO1L,Q96HE7,0.83,True,-0.2688
ERP29,P30040,0.74,True,-0.4344
ERP44,Q9BS26,0.86,False,-0.2176
ESD,P10768,1.21,True,0.275
ESYT1,Q9BSJ8,0.97,False,-0.0439
ETF1,P62495,0.99,False,-0.0145
ETFA,P13804,0.98,False,-0.0291
ETFB,P38117,0.99,False,-0.0145
ETFDH,Q16134,0.84,True,-0.2515
EXOC2,Q96KP1,0.93,False,-0.1047
EXOC4,Q96A65,0.89,True,-0.1681
EXOC7,Q9UPT5,1.0,False,0.0
EXOC8,Q8IYI6,0.95,False,-0.074
EZR,P15311,1.27,True,0.3448
FABP3,P05413,1.06,False,0.0841
FABP5,Q01469,1.11,True,0.1506
FAF2,Q96CS3,0.96,False,-0.0589
FAH,P16930,1.25,False,0.3219
FAHD2A,Q96GK7,1.09,False,0.1243
FAIM2,Q9BWQ8,1.03,False,0.0426
FAM127A,A6ZKI3,0.73,False,-0.454
FAM213A,Q9BRX8,0.98,False,-0.0291
FAM49A,Q9H0Q0,0.96,False,-0.0589
FAM49B,Q9NUQ9,1.0,False,0.0
FARP1,Q9Y4F1,1.14,False,0.189
FARSA,Q9Y285,0.58,False,-0.7859
FARSB,Q9NSD9,0.69,False,-0.5353
FASN,P49327,0.98,False,-0.0291
FBXL16,Q8N461,0.98,False,-0.0291
FBXO2,Q9UK22,0.9,False,-0.152
FDPS,P14324,1.06,False,0.0841
FDX1L,Q6P4F2,0.93,False,-0.1047
FECH,P22830,1.01,False,0.0144
FERMT2,Q96AC1,1.04,False,0.0566
FFR,Q9UID3,0.87,True,-0.2009
FGA,P02671,0.72,False,-0.4739
FGB,P02675,0.67,False,-0.5778
FGF1,P05230,1.25,True,0.3219
FGG,P02679,0.81,False,-0.304
FH,P07954,0.95,False,-0.074
FHL1,Q13642,1.23,False,0.2987
FIS1,Q9Y3D6,0.95,False,-0.074
FKBP2,P26885,0.97,False,-0.0439
FKBP4,Q02790,0.91,False,-0.1361
FLAD1,Q8NFF5,1.06,False,0.0841
FLNA,P21333,0.99,False,-0.0145
FLNB,O75369,1.12,False,0.1635
FLOT1,O75955,1.01,False,0.0144
FLOT2,Q14254,0.99,False,-0.0145
FMNL2,Q96PY5,1.11,True,0.1506
FN1,P02751,0.67,False,-0.5778
FN3K,Q9H479,1.02,False,0.0286
FN3KRP,Q9HA64,0.94,False,-0.0893
FNTB,P49356,1.18,False,0.2388
FOLR3,P41439,1.24,False,0.3103
FSCN1,Q16658,1.04,False,0.0566
FSD1,Q9BTV5,0.89,True,-0.1681
FTH1,P02794,1.37,False,0.4542
FTL,P02792,1.57,True,0.6508
FUK,Q8N0W3,1.03,False,0.0426
FYN,P06241,1.04,False,0.0566
G3BP1,Q13283,1.07,False,0.0976
G3BP2,Q9UN86,0.84,False,-0.2515
G6PD,P11413,1.08,False,0.111
GAA,P10253,0.97,False,-0.0439
GABARAPL2,P60520,0.98,False,-0.0291
GAD1,Q99259,1.15,False,0.2016
GAD2,Q05329,0.88,False,-0.1844
GALC,P54803,1.06,False,0.0841
GAMT,Q14353,1.03,False,0.0426
GANAB,Q14697,0.92,False,-0.1203
GAP43,P17677,0.91,False,-0.1361
GAPDH,P04406,1.08,False,0.111
GARS,P41250,0.94,False,-0.0893
GART,P22102,1.18,False,0.2388
GAS7,O60861,1.14,True,0.189
GBAS,O75323,0.97,False,-0.0439
GBE1,Q04446,0.79,True,-0.3401
GC,P02774,0.82,False,-0.2863
GCDH,Q92947,0.96,False,-0.0589
GCLC,P48506,1.08,False,0.111
GCSH,P23434,0.93,False,-0.1047
GDA,Q9Y2T3,0.94,False,-0.0893
GDAP1,Q8TB36,0.98,False,-0.0291
GDAP1L1,Q96MZ0,0.89,False,-0.1681
GDI1,P31150,0.98,False,-0.0291
GDI2,P50395,1.02,False,0.0286
GFAP,P14136,1.63,True,0.7049
GFM1,Q96RP9,0.81,True,-0.304
GGH,Q92820,0.64,True,-0.6439
GIT1,Q9Y2X7,1.0,False,0.0
GJA1,P17302,1.16,False,0.2141
GLIPR2,Q9H4G4,1.14,False,0.189
GLO1,Q04760,0.97,False,-0.0439
GLOD4,Q9HC38,1.08,False,0.111
GLRX,P35754,1.04,False,0.0566
GLRX3,O76003,0.97,False,-0.0439
GLRX5,Q86SX6,0.94,False,-0.0893
GLS,O94925,0.86,True,-0.2176
GLTP,Q9NZD2,1.07,False,0.0976
GLUD1,P00367,0.83,True,-0.2688
GLUL,P15104,0.91,False,-0.1361
GMDS,O60547,1.01,False,0.0144
GMFB,P60983,1.1,False,0.1375
GMPPA,Q96IJ6,1.13,False,0.1763
GMPR,P36959,1.27,True,0.3448
GMPR2,Q9P2T1,1.06,False,0.0841
GNA11,P29992,1.07,False,0.0976
GNA13,Q14344,1.16,False,0.2141
GNAI1,P63096,0.94,False,-0.0893
GNAI2,P04899,1.1,False,0.1375
GNAL,P38405,0.97,False,-0.0439
GNAO1,P09471,0.87,False,-0.2009
GNAQ,P50148,1.0,False,0.0
GNAS,P63092,1.02,False,0.0286
GNAZ,P19086,0.92,False,-0.1203
GNB1,P62873,0.92,False,-0.1203
GNB2,P62879,0.99,False,-0.0145
GNB2L1,P63244,0.89,False,-0.1681
GNB5,O14775,0.97,False,-0.0439
GNG12,Q9UBI6,1.16,True,0.2141
GNG7,O60262,0.96,False,-0.0589
GNL1,P36915,0.99,False,-0.0145
GNPDA1,P46926,1.05,False,0.0704
GOT1,P17174,0.98,False,-0.0291
GOT2,P00505,0.94,False,-0.0893
GPC1,P35052,0.96,False,-0.0589
GPD1,P21695,1.74,True,0.7991
GPD2,P43304,1.01,False,0.0144
GPHN,Q9NQX3,0.95,False,-0.074
GPI,P06744,0.97,False,-0.0439
GPM6A,P51674,0.96,False,-0.0589
GPM6B,Q13491,1.08,True,0.111
GPR158,Q5T848,1.04,False,0.0566
GPS1,Q13098,0.98,False,-0.0291
GPX1,P07203,1.0,False,0.0
GPX4,P36969,1.01,False,0.0144
GRB2,P62993,1.03,False,0.0426
GRHPR,Q9UBQ7,1.08,False,0.111
GRM2,Q14416,0.98,False,-0.0291
GRM3,Q14832,1.03,False,0.0426
GSK3A,P49840,1.04,False,0.0566
GSN,P06396,1.1,False,0.1375
GSPT2,Q8IYD1,1.11,False,0.1506
GSR,P00390,1.05,False,0.0704
GSS,P48637,1.02,False,0.0286
GSTK1,Q9Y2Q3,0.83,True,-0.2688
GSTM2,P28161,1.08,False,0.111
GSTM3,P21266,1.0,False,0.0
GSTM4,Q03013,1.38,False,0.4647
GSTO1,P78417,1.04,False,0.0566
GSTP1,P09211,1.25,True,0.3219
GSTT2,P0CG29,0.98,False,-0.0291
GTPBP1,O00178,0.96,False,-0.0589
GUCY1B3,Q02153,1.02,False,0.0286
GYG1,P46976,1.02,False,0.0286
H2AFJ,Q9BTM1,1.01,False,0.0144
H2AFX,P16104,1.13,False,0.1763
H2AFY,O75367,1.26,False,0.3334
H2AFZ,P0C0S5,1.14,False,0.189
H3F3A,P84243,1.26,False,0.3334
HADH,Q16836,1.04,False,0.0566
HADHA,P40939,1.05,False,0.0704
HADHB,P55084,1.05,False,0.0704
HAGH,Q16775,1.02,False,0.0286
HAPLN2,Q9GZV7,0.9,False,-0.152
HAPLN4,Q86UW8,0.83,True,-0.2688
HBA1,P69905,1.06,False,0.0841
HBB,P68871,1.07,False,0.0976
HBD,P02042,1.06,False,0.0841
HBG1,P69891,0.81,False,-0.304
HDHD2,Q9H0R4,1.11,False,0.1506
HDHD3,Q9BSH5,0.99,False,-0.0145
HEATR7A,Q8NDA8,0.95,False,-0.074
HEBP1,Q9NRV9,1.16,False,0.2141
HECW2,Q9P2P5,0.96,False,-0.0589
HEPACAM,Q14CZ8,1.35,True,0.433
HGS,O14964,1.06,False,0.0841
HIBADH,P31937,0.96,False,-0.0589
HIBCH,Q6NVY1,0.93,False,-0.1047
HINT1,P49773,1.05,False,0.0704
HINT2,Q9BX68,1.04,False,0.0566
HINT3,Q9NQE9,1.01,False,0.0144
HIST1H1C,P16403,1.16,False,0.2141
HIST1H1E,P10412,1.21,True,0.275
HIST1H2BJ,P06899,1.27,True,0.3448
HIST1H2BK,O60814,1.28,True,0.3561
HIST1H4A,P62805,1.18,False,0.2388
HK1,P19367,0.98,False,-0.0291
HMGB1,P09429,0.98,False,-0.0291
HMOX2,P30519,1.01,False,0.0144
HNRNPA1,P09651,1.0,False,0.0
HNRNPA2B1,P22626,1.17,False,0.2265
HNRNPA3,P51991,0.94,False,-0.0893
HNRNPC,P07910,1.01,False,0.0144
HNRNPD,Q14103,1.14,False,0.189
HNRNPF,P52597,1.09,False,0.1243
HNRNPH2,P55795,0.94,False,-0.0893
HNRNPK,P61978,1.04,False,0.0566
HNRNPM,P52272,1.03,False,0.0426
HNRNPU,Q00839,0.97,False,-0.0439
HNRPDL,O14979,1.16,False,0.2141
HP,P00738,0.74,False,-0.4344
HP1BP3,Q5SSJ5,1.4,False,0.4854
HPCA,P84074,0.94,False,-0.0893
HPCAL4,Q9UM19,1.02,False,0.0286
HPRT1,P00492,0.99,False,-0.0145
HPX,P02790,0.91,False,-0.1361
HRAS,P01112,0.95,False,-0.074
HRSP12,P52758,0.99,False,-0.0145
HSD17B10,Q99714,0.97,False,-0.0439
HSD17B12,Q53GQ0,0.96,False,-0.0589
HSD17B4,P51659,1.03,False,0.0426
HSDL1,Q3SXM5,0.92,False,-0.1203
HSDL2,Q6YN16,1.05,False,0.0704
HSP90AA1,P07900,0.91,False,-0.1361
HSP90AB1,P08238,0.92,False,-0.1203
HSP90B1,P14625,0.94,False,-0.0893
HSPA12A,O43301,0.88,True,-0.1844
HSPA12B,Q96MM6,1.08,False,0.111
HSPA1A,P08107,1.1,True,0.1375
HSPA2,P54652,1.23,True,0.2987
HSPA4,P34932,0.98,False,-0.0291
HSPA4L,O95757,0.92,False,-0.1203
HSPA5,P11021,0.96,False,-0.0589
HSPA8,P11142,0.98,False,-0.0291
HSPA9,P38646,0.95,False,-0.074
HSPB1,P04792,1.09,False,0.1243
HSPD1,P10809,0.98,False,-0.0291
HSPE1,P61604,1.01,False,0.0144
HSPG2,P98160,1.02,False,0.0286
HSPH1,Q92598,0.96,False,-0.0589
HTT,P42858,0.95,False,-0.074
HUWE1,Q7Z6Z7,0.92,False,-0.1203
HYOU1,Q9Y4L1,0.78,True,-0.3585
IAH1,Q2TAA2,0.95,False,-0.074
IARS,P41252,0.72,False,-0.4739
IARS2,Q9NSE4,0.95,False,-0.074
IDH1,O75874,1.07,False,0.0976
IDH2,P48735,0.92,False,-0.1203
IDH3A,P50213,1.0,False,0.0
IDH3B,O43837,0.97,False,-0.0439
IDH3G,P51553,0.97,False,-0.0439
IGHA1,P01876,1.0,False,0.0
IGHG1,P01857,0.49,False,-1.0291
IGHG2,P01859,1.06,False,0.0841
IGHG3,P01860,0.43,False,-1.2176
IGHG4,P01861,0.48,False,-1.0589
IGKC,P01834,0.72,False,-0.4739
IGLC2,P0CG05,0.96,False,-0.0589
IGSF8,Q969P0,0.98,False,-0.0291
ILF3,Q12906,0.99,False,-0.0145
ILVBL,A1L0T0,1.05,False,0.0704
IMMT,Q16891,0.92,False,-0.1203
IMPA1,P29218,1.01,False,0.0144
INA,Q16352,1.04,False,0.0566
INF2,Q27J81,0.95,False,-0.074
INPP1,P49441,1.03,False,0.0426
INPP5A,Q14642,0.94,False,-0.0893
IPO5,O00410,1.02,False,0.0286
IPO7,O95373,0.93,False,-0.1047
IQGAP1,P46940,1.17,True,0.2265
IQSEC1,Q6DN90,0.97,False,-0.0439
IRGQ,Q8WZA9,0.92,False,-0.1203
ISOC1,Q96CN7,1.11,False,0.1506
ISOC2,Q96AB3,1.03,False,0.0426
ITFG1,Q8TB96,0.94,False,-0.0893
ITGB1,P05556,1.25,True,0.3219
ITGB8,P26012,1.12,False,0.1635
ITPR1,Q14643,0.87,False,-0.2009
ITPR2,Q14571,1.0,False,0.0
IVD,P26440,0.94,False,-0.0893
KBTBD11,O94819,1.09,False,0.1243
KCMF1,Q9P0J7,0.95,False,-0.074
KCNA1,Q09470,1.0,False,0.0
KCNAB1,Q14722,1.13,False,0.1763
KCNAB2,Q13303,1.01,False,0.0144
KCNMA1,Q12791,1.01,False,0.0144
KCTD12,Q96CX2,1.14,False,0.189
KIAA0564,A3KMH1,0.98,False,-0.0291
KIAA1045,Q9UPV7,1.02,False,0.0286
KIF1A,Q12756,0.82,True,-0.2863
KIF21A,Q7Z4S6,0.92,False,-0.1203
KIF2A,O00139,1.02,False,0.0286
KIF5B,P33176,1.14,True,0.189
KIF5C,O60282,0.97,False,-0.0439
KLC1,Q07866,0.99,False,-0.0145
KLC2,Q9H0B6,1.07,False,0.0976
KPNA4,O00629,0.99,False,-0.0145
KPNB1,Q14974,0.99,False,-0.0145
KRT1,P04264,0.26,True,-1.9434
KTN1,Q86UP2,0.87,False,-0.2009
L1CAM,P32004,0.94,False,-0.0893
LACTB2,Q53H82,1.1,False,0.1375
LAMB2,P55268,0.99,False,-0.0145
LAMP1,P11279,1.16,True,0.2141
LAMP5,Q9UJQ1,0.92,False,-0.1203
LAMTOR1,Q6IAA8,1.12,False,0.1635
LAMTOR3,Q9UHA4,1.02,False,0.0286
LANCL1,O43813,1.0,False,0.0
LANCL2,Q9NS86,1.03,False,0.0426
LAP3,P28838,1.25,False,0.3219
LARS,Q9P2J5,0.79,False,-0.3401
LASP1,Q14847,1.19,False,0.251
LCHN,A4D1U4,0.99,False,-0.0145
LCP1,P13796,0.93,False,-0.1047
LDHA,P00338,0.97,False,-0.0439
LDHB,P07195,1.11,True,0.1506
LETM1,O95202,1.01,False,0.0144
LGALS1,P09382,1.06,False,0.0841
LGALS3,P17931,1.24,True,0.3103
LGALS3BP,Q08380,1.17,False,0.2265
LGALSL,Q3ZCW2,0.95,False,-0.074
LGI1,O95970,1.09,False,0.1243
LGI3,Q8N145,0.97,False,-0.0439
LHPP,Q9H008,1.02,False,0.0286
LIMS1,P48059,1.11,False,0.1506
LIN7A,O14910,1.0,False,0.0
LIPE,Q05469,0.99,False,-0.0145
LLGL1,Q15334,1.15,False,0.2016
LMNA,P02545,1.12,True,0.1635
LMNB2,Q03252,1.14,True,0.189
LONP1,P36776,0.94,False,-0.0893
LPHN1,O94910,0.94,False,-0.0893
LPHN3,Q9HAR2,0.98,False,-0.0291
LRP1,Q07954,0.92,False,-0.1203
LRPPRC,P42704,0.79,True,-0.3401
LRRC47,Q8N1G4,1.07,False,0.0976
LRRC59,Q96AG4,0.87,True,-0.2009
LRRC8A,Q8IWT6,0.95,False,-0.074
LSAMP,Q13449,1.03,False,0.0426
LSS,P48449,0.99,False,-0.0145
LTA4H,P09960,1.11,False,0.1506
LUC7L2,Q9Y383,0.99,False,-0.0145
LY6H,O94772,0.88,False,-0.1844
LYRM4,Q9HD34,0.94,False,-0.0893
MACF1,Q9UPN3,1.01,False,0.0144
MACROD2,A1Z1Q3,0.95,False,-0.074
MADD,Q8WXG6,0.89,False,-0.1681
MAG,P20916,1.03,False,0.0426
MAN2C1,Q9NTJ4,1.15,True,0.2016
MAOA,P21397,1.03,False,0.0426
MAOB,P27338,1.13,False,0.1763
MAP1A,P78559,0.94,False,-0.0893
MAP1B,P46821,1.0,False,0.0
MAP1S,Q66K74,0.86,False,-0.2176
MAP2,P11137,0.9,False,-0.152
MAP2K1,Q02750,1.05,False,0.0704
MAP2K4,P45985,0.99,False,-0.0145
MAP3K5,Q99683,0.93,False,-0.1047
MAP4,P27816,1.31,False,0.3896
MAP4K4,O95819,1.28,True,0.3561
MAP6,Q96JE9,0.99,False,-0.0145
MAPK1,P28482,1.05,False,0.0704
MAPK3,P27361,1.11,False,0.1506
MAPK8,P45983,0.89,False,-0.1681
MAPK8IP3,Q9UPT6,1.03,False,0.0426
MAPK9,P45984,0.91,False,-0.1361
MAPRE1,Q15691,1.03,False,0.0426
MAPRE2,Q15555,0.95,False,-0.074
MAPRE3,Q9UPY8,0.99,False,-0.0145
MAPT,P10636,1.04,False,0.0566
MARC2,Q969Z3,0.96,False,-0.0589
MARCKS,P29966,1.13,False,0.1763
MARCKSL1,P49006,1.04,False,0.0566
MARK1,Q9P0L2,0.93,False,-0.1047
MARS,P56192,0.83,True,-0.2688
MAT2A,P31153,1.09,False,0.1243
MAT2B,Q9NZL9,1.05,False,0.0704
MATR3,P43243,0.94,False,-0.0893
MBOAT7,Q96N66,0.99,False,-0.0145
MBP,P02686,1.09,False,0.1243
MCCC1,Q96RQ3,1.02,False,0.0286
MCCC2,Q9HCC0,1.02,False,0.0286
MCTS1,Q9ULC4,1.02,False,0.0286
MDH1,P40925,0.99,False,-0.0145
MDH2,P40926,0.95,False,-0.074
ME1,P48163,1.1,False,0.1375
ME2,P23368,0.93,False,-0.1047
ME3,Q16798,0.99,False,-0.0145
METAP2,P50579,0.93,False,-0.1047
METTL7A,Q9H8H3,1.17,False,0.2265
MFN2,O95140,0.9,True,-0.152
MGEA5,O60502,0.9,True,-0.152
MGLL,Q99685,0.93,False,-0.1047
MGST1,P10620,1.02,False,0.0286
MGST3,O14880,0.9,False,-0.152
MIF,P14174,0.97,False,-0.0439
MINK1,Q8N4C8,0.94,False,-0.0893
MMS19,Q96T76,0.98,False,-0.0291
MOG,Q16653,1.01,False,0.0144
MON2,Q7Z3U7,0.98,False,-0.0291
MPDU1,O75352,1.01,False,0.0144
MPI,P34949,1.1,False,0.1375
MPP2,Q14168,0.94,False,-0.0893
MPP6,Q9NZW5,1.01,False,0.0144
MPST,P25325,1.07,False,0.0976
MRPS22,P82650,0.87,True,-0.2009
MSN,P26038,1.19,True,0.251
MT1F,P04733,0.95,False,-0.074
MT2A,P02795,0.92,False,-0.1203
MT3,P25713,0.83,False,-0.2688
MTAP,Q13126,1.09,False,0.1243
MTCH1,Q9NZJ7,0.9,False,-0.152
MTCH2,Q9Y6C9,0.96,False,-0.0589
MT-CO2,P00403,0.93,False,-0.1047
MTHFD1,P11586,1.01,False,0.0144
MTM1,Q13496,0.97,False,-0.0439
MTMR2,Q13614,1.05,False,0.0704
MT-ND1,P03886,0.91,False,-0.1361
MTOR,P42345,0.98,False,-0.0291
MTSS1L,Q765P7,1.16,False,0.2141
MTX2,O75431,0.92,False,-0.1203
MTX3,Q5HYI7,0.98,False,-0.0291
MUT,P22033,1.04,False,0.0566
MVP,Q14764,0.99,False,-0.0145
MYADM,Q96S97,0.95,False,-0.074
MYH10,P35580,0.98,False,-0.0291
MYH11,P35749,0.95,False,-0.074
MYH14,Q7Z406,1.03,False,0.0426
MYH9,P35579,1.03,False,0.0426
MYL12A,P19105,0.98,False,-0.0291
MYL6,P60660,1.01,False,0.0144
MYLK,Q15746,1.02,False,0.0286
MYO1D,O94832,1.32,False,0.4005
MYO5A,Q9Y4I1,0.89,False,-0.1681
MYO6,Q9UM54,1.16,True,0.2141
NADKD1,Q4G0N4,1.08,False,0.111
NAE1,Q13564,0.98,False,-0.0291
NAGK,Q9UJ70,1.03,False,0.0426
NAMPT,P43490,1.01,False,0.0144
NAP1L1,P55209,1.05,False,0.0704
NAP1L4,Q99733,1.0,False,0.0
NAPA,P54920,0.95,False,-0.074
NAPB,Q9H115,0.91,False,-0.1361
NAPG,Q99747,1.04,False,0.0566
NARS,O43776,0.91,False,-0.1361
NCAM1,P13591,1.08,False,0.111
NCAM2,O15394,1.02,False,0.0286
NCAN,O14594,0.74,True,-0.4344
NCDN,Q9UBB6,0.95,False,-0.074
NCEH1,Q6PIU2,0.88,False,-0.1844
NCKAP1,Q9Y2A7,0.96,False,-0.0589
NCOA7,Q8NI08,0.95,False,-0.074
NDE1,Q9NXR1,1.04,False,0.0566
NDRG1,Q92597,1.11,False,0.1506
NDRG2,Q9UN36,1.02,False,0.0286
NDRG4,Q9ULP0,1.07,False,0.0976
NDUFA10,O95299,0.98,False,-0.0291
NDUFA11,Q86Y39,0.95,False,-0.074
NDUFA12,Q9UI09,0.97,False,-0.0439
NDUFA13,Q9P0J0,0.96,False,-0.0589
NDUFA2,O43678,1.04,False,0.0566
NDUFA4,O00483,0.88,True,-0.1844
NDUFA5,Q16718,0.96,False,-0.0589
NDUFA6,P56556,0.97,False,-0.0439
NDUFA7,O95182,0.96,False,-0.0589
NDUFA8,P51970,0.98,False,-0.0291
NDUFA9,Q16795,0.95,False,-0.074
NDUFAB1,O14561,0.92,False,-0.1203
NDUFAF2,Q8N183,0.87,False,-0.2009
NDUFB1,O75438,0.92,False,-0.1203
NDUFB10,O96000,0.94,False,-0.0893
NDUFB11,Q9NX14,0.95,False,-0.074
NDUFB4,O95168,0.93,False,-0.1047
NDUFB5,O43674,0.93,False,-0.1047
NDUFB8,O95169,0.95,False,-0.074
NDUFB9,Q9Y6M9,0.99,False,-0.0145
NDUFS1,P28331,0.94,False,-0.0893
NDUFS2,O75306,0.96,False,-0.0589
NDUFS3,O75489,0.96,False,-0.0589
NDUFS4,O43181,0.91,False,-0.1361
NDUFS5,O43920,0.9,False,-0.152
NDUFS6,O75380,0.93,False,-0.1047
NDUFS7,O75251,0.95,False,-0.074
NDUFS8,O00217,0.98,False,-0.0291
NDUFV1,P49821,0.97,False,-0.0439
NDUFV2,P19404,0.94,False,-0.0893
NEBL,O76041,1.86,True,0.8953
NECAB2,Q7Z6G3,1.02,False,0.0286
NEFH,P12036,1.0,False,0.0
NEFL,P07196,1.05,False,0.0704
NEFM,P07197,1.06,False,0.0841
NENF,Q9UMX5,1.14,False,0.189
NF1,P21359,0.9,True,-0.152
NFASC,O94856,1.01,False,0.0144
NFS1,Q9Y697,0.97,False,-0.0439
NIF3L1,Q9GZT8,0.99,False,-0.0145
NINJ2,Q9NZG7,1.1,False,0.1375
NIPSNAP1,Q9BPW8,0.91,False,-0.1361
NIPSNAP3A,Q9UFN0,0.85,False,-0.2345
NIT2,Q9NQR4,1.17,False,0.2265
NLRX1,Q86UT6,1.02,False,0.0286
NME1,P15531,1.11,False,0.1506
NME2,P22392,1.02,False,0.0286
NMT1,P30419,0.93,False,-0.1047
NNT,Q13423,0.95,False,-0.074
NOMO3,P69849,0.7,True,-0.5146
NPC2,P61916,1.19,False,0.251
NPDC1,Q9NQX5,1.0,False,0.0
NPEPPS,P55786,1.04,False,0.0566
NPM1,P06748,0.99,False,-0.0145
NPTN,Q9Y639,0.96,False,-0.0589
NRCAM,Q92823,1.16,True,0.2141
NRXN3,Q9Y4C0,1.03,False,0.0426
NSF,P46459,1.0,False,0.0
NSFL1C,Q9UNZ2,1.11,True,0.1506
NT5C2,P49902,1.14,False,0.189
NT5E,P21589,1.12,False,0.1635
NTM,Q9P121,1.0,False,0.0
NUDC,Q9Y266,0.98,False,-0.0291
NUDCD3,Q8IVD9,0.94,False,-0.0893
NUDT16,Q96DE0,1.06,False,0.0841
NUDT19,A8MXV4,0.88,False,-0.1844
NUDT3,O95989,1.01,False,0.0144
NUDT5,Q9UKK9,1.07,False,0.0976
NUMBL,Q9Y6R0,0.95,False,-0.074
OAT,P04181,0.91,True,-0.1361
OGDH,Q02218,0.91,True,-0.1361
OGDHL,Q9ULD0,0.87,True,-0.2009
OGT,O15294,0.96,False,-0.0589
OLA1,Q9NTK5,1.03,False,0.0426
OMG,P23515,1.04,False,0.0566
OPA1,O60313,0.99,False,-0.0145
OPA3,Q9H6K4,1.02,False,0.0286
OPALIN,Q96PE5,0.88,False,-0.1844
OPCML,Q14982,0.97,False,-0.0439
OPTN,Q96CV9,0.91,False,-0.1361
ORM1,P02763,0.61,False,-0.7131
OSBP,P22059,1.02,False,0.0286
OSBPL1A,Q9BXW6,0.99,False,-0.0145
OSBPL8,Q9BZF1,0.93,False,-0.1047
OSTF1,Q92882,1.05,False,0.0704
OTUB1,Q96FW1,0.95,False,-0.074
OXCT1,P55809,0.98,False,-0.0291
OXR1,Q8N573,1.0,False,0.0
OXSR1,O95747,1.08,False,0.111
,P04220,0.29,True,-1.7859
P4HB,P07237,0.97,False,-0.0439
PA2G4,Q9UQ80,0.92,False,-0.1203
PABPC1,P11940,0.99,False,-0.0145
PACS1,Q6VY07,0.99,False,-0.0145
PACS2,Q86VP3,1.01,False,0.0144
PACSIN1,Q9BY11,0.96,False,-0.0589
PACSIN2,Q9UNF0,0.98,False,-0.0291
PADI2,Q9Y2J8,1.16,False,0.2141
PAFAH1B1,P43034,1.04,False,0.0566
PAFAH1B3,Q15102,1.03,False,0.0426
PAICS,P22234,1.21,True,0.275
PAK1,Q13153,1.02,False,0.0286
PAK2,Q13177,1.07,False,0.0976
PALM,O75781,1.01,False,0.0144
PALM2,Q8IXS6,1.07,False,0.0976
PAM,P19021,0.87,False,-0.2009
PARF,Q3YEC7,0.93,False,-0.1047
PARK7,Q99497,1.07,False,0.0976
PARP1,P09874,1.07,False,0.0976
PARS2,Q7L3T8,0.9,False,-0.152
PBXIP1,Q96AQ6,1.15,True,0.2016
PC,P11498,0.94,False,-0.0893
PCBP1,Q15365,1.01,False,0.0144
PCBP2,Q15366,1.01,False,0.0144
PCCA,P05165,0.97,False,-0.0439
PCCB,P05166,0.97,False,-0.0439
PCLO,Q9Y6V0,0.93,False,-0.1047
PCMT1,P22061,0.99,False,-0.0145
PCP4,P48539,0.97,False,-0.0439
PCSK1N,Q9UHG2,0.98,False,-0.0291
PCSK2,P16519,1.0,False,0.0
PCYOX1,Q9UHG3,1.02,False,0.0286
PCYOX1L,Q8NBM8,0.78,True,-0.3585
PCYT2,Q99447,1.0,False,0.0
PDAP1,Q13442,0.85,True,-0.2345
PDCD5,O14737,1.05,False,0.0704
PDCD6,O75340,1.08,False,0.111
PDCD6IP,Q8WUM4,1.03,False,0.0426
PDE10A,Q9Y233,0.87,False,-0.2009
PDE1A,P54750,0.91,False,-0.1361
PDE1B,Q01064,1.0,False,0.0
PDE1C,Q14123,0.89,False,-0.1681
PDE2A,O00408,0.99,False,-0.0145
PDHA1,P08559,0.88,True,-0.1844
PDHB,P11177,0.89,False,-0.1681
PDHX,O00330,0.9,True,-0.152
PDIA3,P30101,0.96,False,-0.0589
PDIA4,P13667,0.91,False,-0.1361
PDIA6,Q15084,1.08,False,0.111
PDK3,Q15120,0.93,False,-0.1047
PDLIM5,Q96HC4,1.14,False,0.189
PDPR,Q8NCN5,0.99,False,-0.0145
PDXK,O00764,0.98,False,-0.0291
PDXP,Q96GD0,0.97,False,-0.0439
PDYN,P01213,0.92,False,-0.1203
PEA15,Q15121,1.09,False,0.1243
PEBP1,P30086,1.09,True,0.1243
PEPD,P12955,0.94,False,-0.0893
PEX11B,O96011,0.92,False,-0.1203
PEX19,P40855,0.98,False,-0.0291
PFDN2,Q9UHV9,1.0,False,0.0
PFDN5,Q99471,0.97,False,-0.0439
PFKFB2,O60825,1.16,True,0.2141
PFKL,P17858,1.04,False,0.0566
PFKM,P08237,0.99,False,-0.0145
PFKP,Q01813,1.08,False,0.111
PFN1,P07737,1.05,False,0.0704
PFN2,P35080,1.01,False,0.0144
PGAM1,P18669,1.07,False,0.0976
PGAM2,P15259,2.0,False,1.0
PGD,P52209,1.14,True,0.189
PGK1,P00558,0.99,False,-0.0145
PGLS,O95336,1.19,True,0.251
PGM1,P36871,1.06,False,0.0841
PGM2L1,Q6PCE3,0.88,False,-0.1844
PGM3,O95394,1.13,False,0.1763
PGP,A6NDG6,1.01,False,0.0144
PGRMC1,O00264,0.9,True,-0.152
PGRMC2,O15173,0.99,False,-0.0145
PHACTR1,Q9C0D0,1.01,False,0.0144
PHB,P35232,0.95,False,-0.074
PHB2,Q99623,0.98,False,-0.0291
PHGDH,O43175,1.27,False,0.3448
PHKB,Q93100,1.05,False,0.0704
PHPT1,Q9NRX4,1.24,True,0.3103
PHYHD1,Q5SRE7,1.15,False,0.2016
PHYHIP,Q92561,1.05,False,0.0704
PHYHIPL,Q96FC7,1.05,False,0.0704
PI16,Q6UXB8,1.22,True,0.2869
PI4KA,P42356,0.91,False,-0.1361
PICALM,Q13492,1.01,False,0.0144
PIGS,Q96S52,0.91,False,-0.1361
PIN1,Q13526,1.0,False,0.0
PIP4K2A,P48426,1.02,False,0.0286
PIP4K2B,P78356,1.02,False,0.0286
PIP5K1C,O60331,0.96,False,-0.0589
PITHD1,Q9GZP4,1.01,False,0.0144
PITPNA,Q00169,1.0,False,0.0
PITPNM1,O00562,1.02,False,0.0286
PITRM1,Q5JRX3,1.02,False,0.0286
PKM2,P14618,1.09,False,0.1243
PLBD2,Q8NHP8,0.85,True,-0.2345
PLCB1,Q9NQ66,0.95,False,-0.074
PLCD1,P51178,1.09,False,0.1243
PLCD3,Q8N3E9,1.15,False,0.2016
PLCL1,Q15111,1.01,False,0.0144
PLD3,Q8IV08,0.77,False,-0.3771
PLEC,Q15149,1.15,False,0.2016
PLEKHB1,Q9UF11,0.92,False,-0.1203
PLIN3,O60664,1.05,False,0.0704
PLLP,Q9Y342,1.11,False,0.1506
PLP1,P60201,1.02,False,0.0286
PLS3,P13797,1.04,False,0.0566
PLXNA1,Q9UIW2,0.94,False,-0.0893
PLXNA4,Q9HCM2,0.95,False,-0.074
PLXNB1,O43157,1.11,False,0.1506
PLXNB2,O15031,1.1,False,0.1375
PMP2,P02689,1.21,False,0.275
PMPCA,Q10713,0.85,False,-0.2345
PNP,P00491,1.11,False,0.1506
PNPO,Q9NVS9,1.0,False,0.0
PNPT1,Q8TCS8,0.97,False,-0.0439
PON2,Q15165,1.28,False,0.3561
POR,P16435,1.06,False,0.0841
PPA1,Q15181,1.01,False,0.0144
PPA2,Q9H2U2,1.06,False,0.0841
PPAP2B,O14495,1.07,False,0.0976
PPAT,Q06203,0.96,False,-0.0589
PPFIA3,O75145,0.99,False,-0.0145
PPIA,P62937,1.04,False,0.0566
PPIB,P23284,0.95,False,-0.074
PPM1A,P35813,1.04,False,0.0566
PPM1F,P49593,0.94,False,-0.0893
PPM1H,Q9ULR3,0.91,False,-0.1361
PPME1,Q9Y570,0.95,False,-0.074
PPOX,P50336,1.02,False,0.0286
PPP1CB,P62140,1.03,False,0.0426
PPP1CC,P36873,1.02,False,0.0286
PPP1R1B,Q9UD71,1.14,False,0.189
PPP1R21,Q6ZMI0,1.05,False,0.0704
PPP1R7,Q15435,0.97,False,-0.0439
PPP2CA,P67775,0.87,True,-0.2009
PPP2CB,P62714,1.03,False,0.0426
PPP2R1A,P30153,0.99,False,-0.0145
PPP2R2A,P63151,1.03,False,0.0426
PPP2R4,Q15257,1.01,False,0.0144
PPP2R5C,Q13362,0.87,False,-0.2009
PPP2R5D,Q14738,0.91,False,-0.1361
PPP2R5E,Q16537,0.87,False,-0.2009
PPP3CA,Q08209,1.03,False,0.0426
PPP3CB,P16298,0.98,False,-0.0291
PPP3R1,P63098,0.88,False,-0.1844
PPP5C,P53041,0.94,False,-0.0893
PPP6C,O00743,0.98,False,-0.0291
PPP6R2,O75170,0.92,False,-0.1203
PPT1,P50897,1.07,False,0.0976
PRAF2,O60831,0.92,False,-0.1203
PRCP,P42785,1.06,False,0.0841
PRDX1,Q06830,1.23,True,0.2987
PRDX2,P32119,1.03,False,0.0426
PRDX3,P30048,0.96,False,-0.0589
PRDX4,Q13162,0.93,False,-0.1047
PRDX5,P30044,1.02,False,0.0286
PRDX6,P30041,1.18,False,0.2388
PREP,P48147,0.99,False,-0.0145
PREPL,Q4J6C6,0.88,True,-0.1844
PRKAA1,Q13131,0.99,False,-0.0145
PRKAA2,P54646,1.08,False,0.111
PRKACA,P17612,0.74,True,-0.4344
PRKACB,P22694,0.88,False,-0.1844
PRKAG2,Q9UGJ0,0.94,False,-0.0893
PRKAR1A,P10644,1.0,False,0.0
PRKAR2A,P13861,0.96,False,-0.0589
PRKAR2B,P31323,0.82,False,-0.2863
PRKCA,P17252,1.13,False,0.1763
PRKCB,P05771,1.0,False,0.0
PRKCD,Q05655,0.92,False,-0.1203
PRKCE,Q02156,1.03,False,0.0426
PRKCG,P05129,1.02,False,0.0286
PRKCSH,P14314,1.0,False,0.0
PRKDC,P78527,1.0,False,0.0
PRMT5,O14744,0.99,False,-0.0145
PRNP,P04156,0.99,False,-0.0145
PRODH,O43272,0.93,False,-0.1047
PRPF8,Q6P2Q9,1.07,False,0.0976
PRPS1,P60891,0.98,False,-0.0291
PRPS2,P11908,1.24,True,0.3103
PRPSAP1,Q14558,1.01,False,0.0144
PRPSAP2,O60256,0.99,False,-0.0145
PRRT2,Q7Z6L0,1.07,False,0.0976
PSAP,P07602,0.84,False,-0.2515
PSAT1,Q9Y617,1.11,False,0.1506
PSMA1,P25786,0.98,False,-0.0291
PSMA2,P25787,1.02,False,0.0286
PSMA3,P25788,1.01,False,0.0144
PSMA4,P25789,1.03,False,0.0426
PSMA5,P28066,1.03,False,0.0426
PSMA6,P60900,1.12,False,0.1635
PSMA7,O14818,1.02,False,0.0286
PSMB1,P20618,1.0,False,0.0
PSMB2,P49721,0.96,False,-0.0589
PSMB3,P49720,1.01,False,0.0144
PSMB5,P28074,1.0,False,0.0
PSMB7,Q99436,0.98,False,-0.0291
PSMC2,P35998,1.0,False,0.0
PSMC3,P17980,0.91,False,-0.1361
PSMC4,P43686,0.99,False,-0.0145
PSMC5,P62195,0.95,False,-0.074
PSMD11,O00231,0.98,False,-0.0291
PSMD12,O00232,0.84,False,-0.2515
PSMD2,Q13200,0.98,False,-0.0291
PSMD3,O43242,0.95,False,-0.074
PSMD5,Q16401,0.96,False,-0.0589
PSMD6,Q15008,0.97,False,-0.0439
PSMD7,P51665,0.93,False,-0.1047
PSMF1,Q92530,1.01,False,0.0144
PTGDS,P41222,1.04,False,0.0566
PTGES2,Q9H7Z7,1.07,False,0.0976
PTGES3,Q15185,1.03,False,0.0426
PTGR1,Q14914,1.1,False,0.1375
PTGR2,Q8N8N7,1.1,False,0.1375
PTK2B,Q14289,1.04,False,0.0566
PTP4A2,Q12974,1.04,False,0.0566
PTPLAD1,Q9P035,0.97,False,-0.0439
PTPN11,Q06124,1.07,False,0.0976
PTPN5,P54829,1.04,False,0.0566
PTPRF,P10586,1.06,False,0.0841
PTPRN,Q16849,0.96,False,-0.0589
PTPRN2,Q92932,0.98,False,-0.0291
PTPRS,Q13332,0.98,False,-0.0291
PTPRZ1,P23471,1.02,False,0.0286
PTRF,Q6NZI2,1.12,False,0.1635
PURA,Q00577,0.75,True,-0.415
PXK,Q7Z7A4,1.1,False,0.1375
PYGB,P11216,1.06,False,0.0841
PYGL,P06737,0.79,True,-0.3401
PYGM,P11217,1.18,False,0.2388
,Q96PK2,1.14,False,0.189
,Q9H6K5,1.19,True,0.251
QARS,P47897,0.88,False,-0.1844
QDPR,P09417,0.99,False,-0.0145
QKI,Q96PU8,1.2,True,0.263
QRSL1,Q9H0R6,0.88,False,-0.1844
RAB10,P61026,0.98,False,-0.0291
RAB11B,Q15907,0.99,False,-0.0145
RAB12,Q6IQ22,1.06,False,0.0841
RAB14,P61106,0.98,False,-0.0291
RAB15,P59190,0.93,False,-0.1047
RAB18,Q9NP72,0.96,False,-0.0589
RAB1A,P62820,0.91,False,-0.1361
RAB1B,Q9H0U4,0.94,False,-0.0893
RAB21,Q9UL25,1.0,False,0.0
RAB22A,Q9UL26,0.95,False,-0.074
RAB2A,P61019,0.9,True,-0.152
RAB2B,Q8WUD1,0.93,False,-0.1047
RAB30,Q15771,0.99,False,-0.0145
RAB35,Q15286,0.95,False,-0.074
RAB39B,Q96DA2,0.98,False,-0.0291
RAB3A,P20336,0.93,False,-0.1047
RAB3C,Q96E17,0.91,False,-0.1361
RAB3GAP1,Q15042,0.91,False,-0.1361
RAB3GAP2,Q9H2M9,0.83,True,-0.2688
RAB4A,P20338,0.94,False,-0.0893
RAB4B,P61018,0.92,False,-0.1203
RAB5A,P20339,0.95,False,-0.074
RAB5B,P61020,0.99,False,-0.0145
RAB5C,P51148,1.03,False,0.0426
RAB6A,P20340,1.06,False,0.0841
RAB6B,Q9NRW1,1.02,False,0.0286
RAB7A,P51149,0.92,False,-0.1203
RAB8B,Q92930,0.93,False,-0.1047
RABEP1,Q15276,1.03,False,0.0426
RABGAP1,Q9Y3P9,0.88,False,-0.1844
RAC1,P63000,1.15,True,0.2016
RAC3,P60763,0.94,False,-0.0893
RAD23B,P54727,1.05,False,0.0704
RALA,P11233,1.0,False,0.0
RAN,P62826,1.02,False,0.0286
RANBP1,P43487,1.09,False,0.1243
RAP1A,P62834,0.99,False,-0.0145
RAP1B,P61224,1.05,False,0.0704
RAP1GAP,P47736,0.82,True,-0.2863
RAP1GDS1,P52306,0.93,False,-0.1047
RAP2A,P10114,0.99,False,-0.0145
RAP2B,P61225,1.03,False,0.0426
RAP2C,Q9Y3L5,0.94,False,-0.0893
RAPGEF4,Q8WZA2,0.89,False,-0.1681
RARS,P54136,0.82,False,-0.2863
RASGRP2,Q7LDG7,1.04,False,0.0566
RBBP9,O75884,1.06,False,0.0841
RBP1,P09455,0.96,False,-0.0589
RCL,O43598,1.04,False,0.0566
RCN1,Q15293,1.11,False,0.1506
RCN2,Q14257,0.86,True,-0.2176
RDH11,Q8TC12,0.96,False,-0.0589
RDH13,Q8NBN7,0.76,True,-0.3959
RDX,P35241,1.13,True,0.1763
REEP1,Q9H902,0.9,False,-0.152
REEP5,Q00765,1.0,False,0.0
RG9MTD1,Q7L0Y3,0.82,True,-0.2863
RGS14,O43566,0.97,False,-0.0439
RGS7,P49802,0.95,False,-0.074
RHEB,Q15382,0.95,False,-0.074
RHOA,P61586,1.07,False,0.0976
RHOB,P62745,1.01,False,0.0144
RHOG,P84095,1.01,False,0.0144
RHOT1,Q8IXI2,0.99,False,-0.0145
RNF170,Q96K19,1.03,False,0.0426
RNH1,P13489,1.04,False,0.0566
RNPEP,Q9H4A4,1.07,False,0.0976
ROBO2,Q9HCK4,1.0,False,0.0
ROCK2,O75116,0.99,False,-0.0145
RPA3,P35244,0.86,False,-0.2176
RPH3A,Q9Y2J0,1.21,False,0.275
RPL12,P30050,0.89,False,-0.1681
RPL23A,P62750,0.93,False,-0.1047
RPL28,P46779,0.79,True,-0.3401
RPL31,P62899,0.87,False,-0.2009
RPL35A,P18077,0.74,False,-0.4344
RPL4,P36578,0.86,False,-0.2176
RPL5,P46777,0.99,False,-0.0145
RPL6,Q02878,0.79,False,-0.3401
RPL7,P18124,0.84,False,-0.2515
RPL7A,P62424,0.92,False,-0.1203
RPL8,P62917,1.04,False,0.0566
RPLP0,P05388,0.77,False,-0.3771
RPLP2,P05387,0.81,False,-0.304
RPN1,P04843,0.86,True,-0.2176
RPN2,P04844,0.81,True,-0.304
RPS10,P46783,0.84,False,-0.2515
RPS11,P62280,0.91,False,-0.1361
RPS12,P25398,0.92,False,-0.1203
RPS13,P62277,0.82,False,-0.2863
RPS14,P62263,0.91,False,-0.1361
RPS15A,P62244,0.87,True,-0.2009
RPS16,P62249,0.84,False,-0.2515
RPS18,P62269,0.79,False,-0.3401
RPS19,P39019,0.87,False,-0.2009
RPS21,P63220,0.82,False,-0.2863
RPS24,P62847,0.94,False,-0.0893
RPS28,P62857,0.85,False,-0.2345
RPS3,P23396,0.79,True,-0.3401
RPS3A,P61247,0.89,False,-0.1681
RPS4X,P62701,0.79,False,-0.3401
RPS5,P46782,0.88,False,-0.1844
RPS6,P62753,0.88,False,-0.1844
RPS6KA2,Q15349,1.1,False,0.1375
RPS7,P62081,0.91,False,-0.1361
RPS8,P62241,0.84,True,-0.2515
RPS9,P46781,0.78,False,-0.3585
RPSA,P08865,0.79,False,-0.3401
RRAGA,Q7L523,0.97,False,-0.0439
RRAGC,Q9HB90,0.95,False,-0.074
RRAS,P10301,1.05,False,0.0704
RRAS2,P62070,0.93,False,-0.1047
RRBP1,Q9P2E9,1.04,False,0.0566
RSU1,Q15404,1.15,False,0.2016
RTN1,Q16799,1.0,False,0.0
RTN3,O95197,0.95,False,-0.074
RTN4,Q9NQC3,1.01,False,0.0144
RUFY3,Q7L099,0.95,False,-0.074
RUVBL1,Q9Y265,1.11,False,0.1506
RYR1,P21817,1.0,False,0.0
RYR2,Q92736,1.0,False,0.0
S100A1,P23297,1.03,False,0.0426
S100A13,Q99584,1.19,False,0.251
S100A16,Q96FQ6,1.05,False,0.0704
S100B,P04271,1.24,False,0.3103
SACM1L,Q9NTJ5,0.94,False,-0.0893
SACS,Q9NZJ4,1.01,False,0.0144
SAMM50,Q9Y512,0.9,True,-0.152
SAR1A,Q9NR31,0.98,False,-0.0291
SARS,P49591,1.0,False,0.0
SARS2,Q9NP81,1.0,False,0.0
SBF1,O95248,1.07,False,0.0976
SCAI,Q8N9R8,0.84,False,-0.2515
SCAMP1,O15126,1.06,False,0.0841
SCAMP3,O14828,0.95,False,-0.074
SCAMP5,Q8TAC9,0.81,True,-0.304
SCCPDH,Q8NBX0,1.0,False,0.0
SCG2,P13521,0.92,False,-0.1203
SCG5,P05408,0.94,False,-0.0893
SCN2A,Q99250,0.98,False,-0.0291
SCN4B,Q8IWT1,1.01,False,0.0144
SCRN1,Q12765,0.92,False,-0.1203
SDHA,P31040,0.94,False,-0.0893
SDHB,P21912,1.03,False,0.0426
SEC14L2,O76054,1.06,False,0.0841
SEC22B,O75396,0.91,False,-0.1361
SEC23A,Q15436,0.88,False,-0.1844
SEC24C,P53992,0.9,False,-0.152
SEL1L,Q9UBV2,0.98,False,-0.0291
SELENBP1,Q13228,1.18,True,0.2388
SEMA4D,Q92854,1.06,False,0.0841
SEPT10,Q9P0V9,1.11,False,0.1506
SEPT11,Q9NVA2,0.95,False,-0.074
SEPT2,Q15019,1.12,False,0.1635
SEPT3,Q9UH03,1.05,False,0.0704
SEPT4,O43236,1.08,False,0.111
SEPT5,Q99719,1.02,False,0.0286
SEPT6,Q14141,1.0,False,0.0
SEPT7,Q16181,1.02,False,0.0286
SEPT8,Q92599,1.05,False,0.0704
SEPT9,Q9UHD8,1.05,False,0.0704
SERPINA1,P01009,0.58,False,-0.7859
SERPINB6,P35237,1.04,False,0.0566
SERPINB8,P50452,0.98,False,-0.0291
SERPINE2,P07093,1.11,False,0.1506
SERPING1,P05155,0.75,False,-0.415
SF3B3,Q15393,1.0,False,0.0
SFXN1,Q9H9B4,0.95,False,-0.074
SFXN3,Q9BWM7,1.01,False,0.0144
SFXN5,Q8TD22,0.98,False,-0.0291
SGIP1,Q9BQI5,0.89,False,-0.1681
SGSM1,Q2NKQ1,0.88,False,-0.1844
SGTB,Q96EQ0,0.91,False,-0.1361
SH2D5,Q6ZV89,1.01,False,0.0144
SH3BGRL,O75368,1.09,False,0.1243
SH3BGRL3,Q9H299,1.02,False,0.0286
SH3GL1,Q99961,0.88,False,-0.1844
SH3GL2,Q99962,0.95,False,-0.074
SH3GL3,Q99963,0.87,False,-0.2009
SH3GLB1,Q9Y371,0.97,False,-0.0439
SH3GLB2,Q9NR46,0.92,False,-0.1203
SH3KBP1,Q96B97,1.08,False,0.111
SHMT2,P34897,0.82,False,-0.2863
SIAE,Q9HAT2,0.79,False,-0.3401
SIRPA,P78324,1.17,True,0.2265
SIRPB1,O00241,0.66,True,-0.5995
SIRPB1,Q5TFQ8,0.68,False,-0.5564
SIRT2,Q8IXJ6,0.99,False,-0.0145
SKP1,P63208,0.94,False,-0.0893
SLC12A2,P55011,0.95,False,-0.074
SLC12A5,Q9H2X9,0.79,True,-0.3401
SLC12A6,Q9UHW9,1.02,False,0.0286
SLC12A7,Q9Y666,0.76,False,-0.3959
SLC17A6,Q9P2U8,0.86,False,-0.2176
SLC1A2,P43004,0.86,False,-0.2176
SLC1A3,P43003,0.97,False,-0.0439
SLC1A4,P43007,0.81,False,-0.304
SLC25A1,P53007,0.92,False,-0.1203
SLC25A10,Q9UBX3,0.93,False,-0.1047
SLC25A11,Q02978,0.9,False,-0.152
SLC25A12,O75746,0.96,False,-0.0589
SLC25A13,Q9UJS0,0.94,False,-0.0893
SLC25A18,Q9H1K4,0.95,False,-0.074
SLC25A22,Q9H936,0.89,True,-0.1681
SLC25A23,Q9BV35,1.07,False,0.0976
SLC25A25,Q6KCM7,0.93,False,-0.1047
SLC25A27,O95847,0.97,False,-0.0439
SLC25A3,Q00325,0.93,False,-0.1047
SLC25A4,P12235,0.92,False,-0.1203
SLC25A42,Q86VD7,1.01,False,0.0144
SLC25A46,Q96AG3,0.96,False,-0.0589
SLC25A5,P05141,0.93,False,-0.1047
SLC25A6,P12236,0.91,False,-0.1361
SLC27A4,Q6P1M0,0.84,True,-0.2515
SLC2A1,P11166,0.75,False,-0.415
SLC2A3,P11169,0.94,False,-0.0893
SLC32A1,Q9H598,0.82,True,-0.2863
SLC6A17,Q9H1V8,0.83,True,-0.2688
SLC9A3R1,O14745,1.16,True,0.2141
SLK,Q9H2G2,1.02,False,0.0286
SMPD3,Q9NY59,1.02,False,0.0286
SMYD5,Q6GMV2,0.96,False,-0.0589
SNAP25,P60880,1.02,False,0.0286
SNAP91,O60641,1.0,False,0.0
SNCA,P37840,0.97,False,-0.0439
SNCB,Q16143,1.48,False,0.5656
SNCG,O76070,1.16,False,0.2141
SND1,Q7KZF4,0.92,False,-0.1203
SNRNP200,O75643,0.95,False,-0.074
SNTA1,Q13424,1.2,False,0.263
SNTB1,Q13884,1.21,False,0.275
SNX2,O60749,1.07,False,0.0976
SNX27,Q96L92,1.02,False,0.0286
SNX3,O60493,1.01,False,0.0144
SNX9,Q9Y5X1,1.12,True,0.1635
SOD1,P00441,1.05,False,0.0704
SOD2,P04179,0.95,False,-0.074
SORD,Q00796,1.46,True,0.546
SORL1,Q92673,1.12,False,0.1635
SPR,P35270,1.0,False,0.0
SPTAN1,Q13813,1.01,False,0.0144
SPTB,P11277,0.92,False,-0.1203
SPTBN1,Q01082,1.04,False,0.0566
SPTBN2,O15020,0.88,True,-0.1844
SPTBN4,Q9H254,0.94,False,-0.0893
SRC,P12931,1.01,False,0.0144
SRI,P30626,1.16,False,0.2141
SRM,P19623,1.02,False,0.0286
SRP14,P37108,1.08,False,0.111
SRPK2,P78362,0.83,False,-0.2688
SRSF1,Q07955,0.95,False,-0.074
SSBP1,Q04837,0.98,False,-0.0291
SSR4,P51571,0.88,False,-0.1844
ST13,P50502,1.07,False,0.0976
STAT1,P42224,1.07,False,0.0976
STIP1,P31948,1.01,False,0.0144
STK32C,Q86UX6,0.95,False,-0.074
STK39,Q9UEW8,1.06,False,0.0841
STMN1,P16949,1.12,False,0.1635
STOM,P27105,0.93,False,-0.1047
STOML2,Q9UJZ1,0.94,False,-0.0893
STRAP,Q9Y3F4,0.93,False,-0.1047
STRN,O43815,0.98,False,-0.0291
STRN4,Q9NRL3,0.99,False,-0.0145
STUB1,Q9UNE7,0.93,False,-0.1047
STX12,Q86Y82,0.93,False,-0.1047
STX1A,Q16623,0.89,False,-0.1681
STX1B,P61266,1.01,False,0.0144
STXBP1,P61764,0.98,False,-0.0291
STXBP3,O00186,1.02,False,0.0286
STXBP5,Q5T5C0,0.96,False,-0.0589
SUCLA2,Q9P2R7,0.93,False,-0.1047
SUCLG1,P53597,0.95,False,-0.074
SUGT1,Q9Y2Z0,1.08,False,0.111
SULT4A1,Q9BR01,0.94,False,-0.0893
SURF4,O15260,0.98,False,-0.0291
SV2A,Q7L0J3,0.88,True,-0.1844
SYN1,P17600,0.89,True,-0.1681
SYN2,Q92777,0.83,False,-0.2688
SYN3,O14994,0.84,False,-0.2515
SYNE1,Q8NF91,0.94,False,-0.0893
SYNGR1,O43759,0.85,True,-0.2345
SYNGR3,O43761,0.92,False,-0.1203
SYNJ1,O43426,0.96,False,-0.0589
SYNJ2BP,P57105,1.04,False,0.0566
SYNPR,Q8TBG9,0.9,False,-0.152
SYP,P08247,0.88,True,-0.1844
SYT1,P21579,0.91,False,-0.1361
SYT2,Q8N9I0,0.96,False,-0.0589
SYT5,O00445,0.95,False,-0.074
TAC1,P20366,0.84,True,-0.2515
TAGLN2,P37802,1.07,False,0.0976
TAGLN3,Q9UI15,0.96,False,-0.0589
TALDO1,P37837,1.14,True,0.189
TARS,P26639,0.91,False,-0.1361
TARSL2,A2RTX5,0.82,False,-0.2863
TBC1D24,Q9ULP9,1.08,False,0.111
TBCA,O75347,1.0,False,0.0
TBCB,Q99426,1.16,False,0.2141
TBCD,Q9BTW9,0.91,False,-0.1361
TCEB1,Q15369,1.05,False,0.0704
TCEB2,Q15370,1.02,False,0.0286
TCP1,P17987,0.96,False,-0.0589
TECR,Q9NZ01,0.92,False,-0.1203
TESC,Q96BS2,1.05,False,0.0704
TF,P02787,0.97,False,-0.0439
TFAM,Q00059,1.01,False,0.0144
TFCP2,Q12800,1.04,False,0.0566
TGM2,P21980,1.01,False,0.0144
TH,P07101,0.67,False,-0.5778
THY1,P04216,0.98,False,-0.0291
TIMM44,O43615,0.93,False,-0.1047
TIMM50,Q3ZCQ8,0.9,False,-0.152
TIMM8A,O60220,0.92,False,-0.1203
TIMM9,Q9Y5J7,1.0,False,0.0
TJP1,Q07157,1.3,False,0.3785
TJP2,Q9UDY2,1.71,True,0.774
TKT,P29401,1.03,False,0.0426
TLN1,Q9Y490,1.13,False,0.1763
TLN2,Q9Y4G6,0.95,False,-0.074
TMED7,Q9Y3B3,0.82,False,-0.2863
TMEM30A,Q9NV96,0.94,False,-0.0893
TMEM35,Q53FP2,0.72,True,-0.4739
TMOD2,Q9NZR1,0.98,False,-0.0291
TMSB10,P63313,0.89,False,-0.1681
TMX4,Q9H1E5,0.97,False,-0.0439
TNC,P24821,1.21,False,0.275
TNIK,Q9UKE5,1.16,True,0.2141
TNPO1,Q92973,1.0,False,0.0
TNR,Q92752,1.03,False,0.0426
TOLLIP,Q9H0E2,0.93,False,-0.1047
TOMM70A,O94826,0.96,False,-0.0589
TPBG,Q13641,0.88,False,-0.1844
TPD52,P55327,1.01,False,0.0144
TPI1,P60174,0.97,False,-0.0439
TPM1,P09493,1.02,False,0.0286
TPM3,P06753,1.03,False,0.0426
TPM4,P67936,0.98,False,-0.0291
TPP1,O14773,1.03,False,0.0426
TPP2,P29144,0.95,False,-0.074
TPPP,O94811,1.0,False,0.0
TPPP3,Q9BW30,1.01,False,0.0144
TPT1,P13693,0.96,False,-0.0589
TRAP1,Q12931,0.95,False,-0.074
TRAPPC1,Q9Y5R8,0.99,False,-0.0145
TRAPPC6B,Q86SZ2,0.87,True,-0.2009
TRIM2,Q9C040,1.06,False,0.0841
TRIM25,Q14258,1.06,False,0.0841
TRIM3,O75382,0.93,False,-0.1047
TRIM32,Q13049,0.87,True,-0.2009
TSFM,P43897,0.9,True,-0.152
TSN,Q15631,1.1,False,0.1375
TSPAN8,P19075,0.98,False,-0.0291
TST,Q16762,1.04,False,0.0566
TTC37,Q6PGP7,1.0,False,0.0
TTC9C,Q8N5M4,1.39,True,0.4751
TTLL12,Q14166,0.88,True,-0.1844
TTYH1,Q9H313,0.86,False,-0.2176
TUBA1A,Q71U36,0.98,False,-0.0291
TUBA4A,P68366,0.95,False,-0.074
TUBA8,Q9NY65,0.71,True,-0.4941
TUBAL3,A6NHL2,0.91,False,-0.1361
TUBB,P07437,0.94,False,-0.0893
TUBB2A,Q13885,0.96,False,-0.0589
TUBB2B,Q9BVA1,0.91,False,-0.1361
TUBB3,Q13509,0.96,False,-0.0589
TUBB4A,P04350,0.94,False,-0.0893
TUBB4B,P68371,1.0,False,0.0
TUBB6,Q9BUF5,0.93,False,-0.1047
TUFM,P49411,0.9,False,-0.152
TWF2,Q6IBS0,0.99,False,-0.0145
TXN,P10599,1.06,False,0.0841
TXNDC17,Q9BRA2,1.03,False,0.0426
TXNDC5,Q8NBS9,0.91,False,-0.1361
TXNL1,O43396,0.96,False,-0.0589
TXNRD1,Q16881,1.04,False,0.0566
UBA1,P22314,0.98,False,-0.0291
UBA3,Q8TBC4,1.01,False,0.0144
UBA6,A0AVT1,1.05,False,0.0704
UBB,P0CG47,0.96,False,-0.0589
UBE2L3,P68036,1.09,False,0.1243
UBE2M,P61081,1.09,False,0.1243
UBE2N,P61088,1.0,False,0.0
UBE2O,Q9C0C9,0.89,False,-0.1681
UBE2V2,Q15819,0.98,False,-0.0291
UBQLN1,Q9UMX0,0.92,False,-0.1203
UBQLN2,Q9UHD9,1.05,False,0.0704
UBR4,Q5T4S7,0.92,False,-0.1203
UCHL1,P09936,1.03,False,0.0426
UCHL3,P15374,0.92,False,-0.1203
UGP2,Q16851,1.0,False,0.0
UNC13A,Q9UPW8,0.85,False,-0.2345
UQCR10,Q9UDW1,1.24,False,0.3103
UQCRB,P14927,0.87,True,-0.2009
UQCRC1,P31930,0.94,False,-0.0893
UQCRC2,P22695,0.96,False,-0.0589
UQCRFS1,P47985,0.98,False,-0.0291
UQCRH,P07919,0.96,False,-0.0589
UQCRQ,O14949,0.95,False,-0.074
USMG5,Q96IX5,0.93,False,-0.1047
USO1,O60763,0.86,True,-0.2176
USP11,P51784,0.85,True,-0.2345
USP14,P54578,0.99,False,-0.0145
USP15,Q9Y4E8,1.01,False,0.0144
USP46,P62068,0.96,False,-0.0589
USP5,P45974,0.93,False,-0.1047
USP7,Q93009,0.92,False,-0.1203
USP9X,Q93008,0.94,False,-0.0893
UTRN,P46939,1.04,False,0.0566
VAMP2,P63027,1.02,False,0.0286
VAPA,Q9P0L0,1.0,False,0.0
VAPB,O95292,0.92,False,-0.1203
VARS,P26640,0.9,False,-0.152
VAT1,Q99536,1.06,False,0.0841
VAT1L,Q9HCJ6,1.02,False,0.0286
VBP1,P61758,0.93,False,-0.1047
VCAN,P13611,1.13,False,0.1763
VCL,P18206,1.08,False,0.111
VCP,P55072,0.97,False,-0.0439
VDAC1,P21796,0.97,False,-0.0439
VDAC2,P45880,0.96,False,-0.0589
VDAC3,Q9Y277,0.96,False,-0.0589
VGF,O15240,1.07,False,0.0976
VIM,P08670,1.23,True,0.2987
VPS13C,Q709C8,1.05,False,0.0704
VPS25,Q9BRG1,0.97,False,-0.0439
VPS29,Q9UBQ0,0.97,False,-0.0439
VPS35,Q96QK1,0.93,False,-0.1047
VPS45,Q9NRW7,0.94,False,-0.0893
VPS4A,Q9UN37,1.04,False,0.0566
VSNL1,P62760,0.98,False,-0.0291
VWA5A,O00534,1.04,False,0.0566
WARS,P23381,0.95,False,-0.074
WBP2,Q969T9,0.94,False,-0.0893
WDFY3,Q8IZQ1,0.99,False,-0.0145
WDR1,O75083,1.25,True,0.3219
WDR13,Q9H1Z4,1.14,True,0.189
WDR37,Q9Y2I8,1.01,False,0.0144
WDR47,O94967,0.95,False,-0.074
WDR7,Q9Y4E6,0.92,False,-0.1203
WFS1,O76024,1.02,False,0.0286
XPNPEP1,Q9NQW7,1.01,False,0.0144
XPO1,O14980,1.0,False,0.0
XPO4,Q9C0E2,1.01,False,0.0144
XPO7,Q9UIA9,1.0,False,0.0
XPOT,O43592,1.01,False,0.0144
XRCC5,P13010,0.98,False,-0.0291
XRCC6,P12956,1.08,False,0.111
YARS,P54577,0.96,False,-0.0589
YKT6,O15498,1.0,False,0.0
YWHAB,P31946,0.96,False,-0.0589
YWHAE,P62258,1.02,False,0.0286
YWHAG,P61981,0.88,False,-0.1844
YWHAH,Q04917,0.88,True,-0.1844
YWHAQ,P27348,1.03,False,0.0426
YWHAZ,P63104,0.95,False,-0.074
ZC2HC1A,Q96GY0,1.02,False,0.0286
