gene	neglog10p
SNCA	169.39794000867204
LRRK2	147.39794000867204
GBA1	89.52287874528034
HMGN2P18	75.0
TMEM175	74.30102999566398
KRTCAP2	69.69897000433602
LINC02210	69.0
CRHR1	69.0
MAPT	68.0
ASH1L	67.39794000867204
NSF	66.04575749056067
TRIM46	59.04575749056068
MCCC1	49.22184874961636
GPRIN3	48.0
RN7SL813P	41.39794000867204
STK39	41.39794000867204
HIP1R	40.69897000433602
KANSL1	39.69897000433602
PBXIP1	38.69897000433602
PMVK	37.0
AS1	37.0
KCNN3	37.0
ARHGEF2	35.39794000867204
RIT1	33.52287874528034
SLC2A13	32.52287874528034
BST1	32.22184874961636
METAZOA_SRP	31.69897000433602
NUCKS1	31.69897000433602
RAB29	29.0
INPP5F	27.69897000433602
DT	27.69897000433602
RIT2	27.69897000433602
GPNMB	27.39794000867204
DRB1	27.154901959985743
DQA1	27.154901959985743
HLA	27.154901959985743
CNTN1	26.69897000433602
ARHGAP27	26.096910013008056
RNA5SP443	26.096910013008056
LINC02555	26.045757490560675
SEMA4A	26.0
CCSER1	23.522878745280337
ITPKB	23.522878745280337
SETD1A	23.39794000867204
CCNT2	23.096910013008056
ELOVL7	22.522878745280337
MIR4682	22.39794000867204
SEC23IP	22.39794000867204
LINC02349	21.30102999566398
RORA	21.30102999566398
SLC25A44	21.096910013008056
GAK	20.69897000433602
LMNA	20.69897000433602
ASS1P14	20.39794000867204
SLC41A1	20.39794000867204
SYT10	20.39794000867204
FAM47E	20.22184874961636
STBD1	20.22184874961636
SH3GL2	20.096910013008056
CCDC62	19.69897000433602
MUC19	19.69897000433602
IGSF9B	19.22184874961636
SCARB2	18.30102999566398
MUC12	17.522878745280337
SIPA1L2	17.0
WNT3	16.522878745280337
RN7SL474P	16.221848749616356
MSR1	16.221848749616356
MMRN1	16.0
GCH1	15.69897000433602
WDHD1	15.397940008672036
CTSB	15.397940008672036
CCT3	15.0
P2RX5	14.69897000433602
ITGAE	14.69897000433602
FYN	14.397940008672036
NDUFAF2	14.30102999566398
HASPIN	14.0
472P	13.69897000433602
RNU6	13.69897000433602
Y_RNA	13.69897000433602
DCUN1D1	13.522878745280336
SPPL2C	13.522878745280336
TMEM163	13.30102999566398
TMEM229B	13.154901959985745
DQB1	13.0
SPATA19	13.0
MTCO3P1	13.0
TXNP1	12.69897000433602
ITGA8	12.522878745280336
TBC1D5	12.221848749616356
MAP4K4	12.096910013008056
LINC01012	12.045757490560677
CASC16	12.0
CAMK2D	12.0
BAG3	11.69897000433602
BCKDK	11.69897000433602
KLHL7	11.69897000433602
HYCC1	11.69897000433602
SV2C	11.522878745280336
PARP9	11.522878745280336
DGKQ	11.522878745280336
AS2	11.522878745280336
RAB25	11.397940008672036
LAMTOR2	11.397940008672036
DLG2	11.30102999566398
RBMS3	11.221848749616356
RSL24D1P1	11.221848749616356
GPR89P	11.221848749616356
481P	11.221848749616356
FCGR2A	11.221848749616356
GXYLT1	11.154901959985745
RIMS1	11.154901959985745
66P	11.154901959985745
RNU4	11.154901959985745
LINC02400	11.154901959985745
KPNA1	11.0
COMMD1	11.0
FAM171A2	11.0
RNF141	11.0
MIR4485	11.0
LDLRAD4	10.69897000433602
PCGF3	10.69897000433602
CLCN3	10.69897000433602
TIAL1	10.522878745280336
RAD1P1	10.522878745280336
SYT17	10.522878745280336
LZTS3	10.522878745280336
SLC18B1	10.522878745280336
DRA	10.522878745280336
LINC02034	10.522878745280336
TSBP1	10.522878745280336
TPRA1	10.522878745280336
DDRGK1	10.522878745280336
DYRK1A	10.522878745280336
SPATA6	10.397940008672036
SLC44A4	10.397940008672036
CDC42BPB	10.397940008672036
EHMT2	10.397940008672036
FBRSL1	10.30102999566398
GALNT9	10.30102999566398
MED12L	10.30102999566398
835P	10.221848749616356
PDLIM2	10.221848749616356
GPR65	10.221848749616356
PKP2	10.154901959985745
FGD4	10.096910013008056
LCORL	10.096910013008056
DNM1L	10.096910013008056
FMNL1	10.045757490560677
LINC00326	10.0
HMGB1P13	10.0
IP6K2	10.0
PHB1P21	10.0
KTN1	9.69897000433602
CARS2	9.69897000433602
DCST1	9.69897000433602
BRIP1	9.69897000433602
RPL13AP3	9.69897000433602
LINC01709	9.397940008672036
LINC01307	9.397940008672036
SPPL2B	9.397940008672036
MED13	9.30102999566398
CC2D2A	9.30102999566398
SPTSSB	9.30102999566398
UBTF	9.221848749616356
ATXN7L3	9.221848749616356
ITGA2B	9.154901959985745
IT1	9.096910013008056
CD19	9.096910013008056
MTCO1P48	9.096910013008056
RABEP2	9.096910013008056
BGLAP	9.096910013008056
PMF1	9.096910013008056
TEKT4	9.096910013008056
SYT4	9.045757490560677
RNA5SP455	9.045757490560677
LINC01147	9.045757490560677
CYCSP42	9.0
LINC02920	9.0
MBNL2	9.0
UBAP2	9.0
HEATR6	9.0
DNASE1L1	9.0
GBF1	9.0
RPL10	9.0
NOD2	9.0
LINC00456	9.0
RETREG3	9.0
RN7SKP10	8.698970004336019
RPS6KL1	8.698970004336019
NECTIN2	8.698970004336019
MIPOL1	8.698970004336019
LNCOB1	8.698970004336019
CCN6	8.698970004336019
VN1R10P	8.698970004336019
VAMP4	8.698970004336019
LINC02527	8.698970004336019
PAM	8.698970004336019
OR5AZ1P	8.698970004336019
OR5BD1P	8.698970004336019
KNTC1	8.698970004336019
ZNF204P	8.698970004336019
IRS2	8.698970004336019
HCAR2	8.698970004336019
FASN	8.522878745280337
DNAH17	8.522878745280337
LINC02240	8.522878745280337
ZNF608	8.522878745280337
PITPNM2	8.522878745280337
MTF2	8.522878745280337
PIK3CA	8.522878745280337
NOL4	8.397940008672037
MYLK2	8.397940008672037
METTL13	8.397940008672037
ASXL3	8.397940008672037
FCGR3B	8.301029995663981
LINC02450	8.301029995663981
FCGR2B	8.301029995663981
BCL9	8.221848749616356
TXNDC15	8.154901959985743
C5ORF24	8.154901959985743
CRLS1	8.045757490560675
CD83P1	8.0
CAB39L	8.0
GPM6B	8.0
SMAD4	8.0
471P	8.0
LAMP3	8.0
SRSF10P1	8.0
KCNIP3	8.0
KCNS3	8.0
STX1B	8.0
CCDC85A	8.0
CHRNB1	8.0
RABGEF1P1	8.0
PLPP4	8.0
BIN3	8.0
CYRIB	7.698970004336019
KPNA3	7.698970004336019
WDR41	7.698970004336019
TRIM40	7.698970004336019
RILPL2	7.522878745280337
USP8	7.522878745280337
USP50	7.522878745280337
ITIH1	7.522878745280337
SCN2A	7.522878745280337
BICD1	7.397940008672037
SLC38A1	7.397940008672037
RPL13AP21	7.397940008672037
EFNA3	7.301029995663981
SLC50A1	7.301029995663981
ZNF322	7.301029995663981
EFNA4	7.301029995663981
GUSBP2	7.301029995663981
LINC00511	7.221848749616356
PPP6R2	7.221848749616356
SREBF1	7.221848749616356
PLEKHM1	7.221848749616356
CA8	7.221848749616356
WBP1L	7.154901959985743
NAGLU	7.154901959985743
HSD17B1P1	7.154901959985743
CYP17A1	7.154901959985743
AGAP1	7.154901959985743
SLC39A8	7.154901959985743
DDX46	7.096910013008056
SHROOM3	7.096910013008056
TRPM2	7.045757490560675
PIGL	7.0
ELMO1	7.0
ING1	7.0
RTL9	7.0
LINC02950	7.0
NPM1P18	7.0
ZSCAN16	6.698970004336019
RFX4	6.698970004336019
ZNF165	6.698970004336019
LARP7P4	6.698970004336019
GALNT17	6.698970004336019
TMC3	6.698970004336019
MLX	6.698970004336019
SYBU	6.698970004336019
CCDC82	6.698970004336019
MAD1L1	6.698970004336019
POLR3B	6.698970004336019
RNA5SP144	6.698970004336019
ADD1	6.522878745280337
CACNA1B	6.522878745280337
NGEF	6.522878745280337
AREL1	6.522878745280337
PGS1	6.522878745280337
FAM136FP	6.3979400086720375
MTND1P24	6.3979400086720375
NUP50P4	6.3979400086720375
PRSS53	6.3979400086720375
ZNF646	6.3979400086720375
PSMA6P4	6.301029995663981
RBX1	6.301029995663981
RPL7AP61	6.301029995663981
PAX7	6.301029995663981
POM121L2	6.301029995663981
TAS1R2	6.301029995663981
CDCA7P1	6.301029995663981
LINC01127	6.301029995663981
GBA1LP	6.221848749616356
1326P	6.221848749616356
TMPRSS9	6.221848749616356
COL13A1	6.221848749616356
WDR1	6.096910013008056
CNKSR3	6.045757490560675
ZNF24TR	6.0
AS3MT	6.0
MDGA2	6.0
LSAMP	6.0
IGSF11	6.0
FDFT1	6.0
MUC1	6.0
MROH3P	6.0
MRPS30	6.0
EFNB1	6.0
RORB	6.0
RPA2P1	6.0
RPL7AP67	6.0
WNT9A	6.0
PJA1	6.0
CFAP20DC	6.0
CYP4Z1	6.0
BRINP1	6.0
BORCS7	6.0
ASMT	6.0
CICP26	6.0
TECPR1	6.0
COL5A2	6.0
TMC5	5.698970004336019
164P	5.698970004336019
TMEM72	5.698970004336019
SIRLNT	5.698970004336019
LACTB	5.698970004336019
GUCY1A1	5.698970004336019
STAP1	5.698970004336019
MTND1P22	5.698970004336019
LINC02866	5.698970004336019
CACNA2D3	5.698970004336019
RPL9P21	5.698970004336019
WFDC11	5.698970004336019
ROPN1L	5.698970004336019
WFDC10B	5.698970004336019
TPM1	5.698970004336019
GABRG2	5.698970004336019
NTRK1	5.522878745280337
UNC13B	5.522878745280337
NKAIN2	5.522878745280337
LINC02331	5.522878745280337
LRRC25	5.522878745280337
SSBP4	5.522878745280337
GFPT2	5.522878745280337
RNF217	5.522878745280337
ANO5	5.522878745280337
525P	5.522878745280337
DDHD1	5.522878745280337
FANCF	5.3979400086720375
CLRN3	5.3979400086720375
CHL1	5.3979400086720375
AS	5.3979400086720375
GBA2	5.3979400086720375
RERE	5.3979400086720375
PTPRM	5.3979400086720375
PTCHD1	5.3979400086720375
WSCD2	5.3979400086720375
ASCL4	5.3979400086720375
AMZ1	5.3979400086720375
LINC01495	5.3979400086720375
LRRC30	5.3979400086720375
GNA12	5.3979400086720375
PRDM15	5.301029995663981
ODAPH	5.301029995663981
161P	5.301029995663981
TASP1	5.301029995663981
LMNB1	5.301029995663981
ISM1	5.301029995663981
TPI1P1	5.301029995663981
MARCHF3	5.301029995663981
ZDHHC2	5.221848749616356
RN7SL869P	5.154901959985743
RN7SL35P	5.154901959985743
ALK	5.154901959985743
MPHOSPH6	5.154901959985743
LTK	5.154901959985743
SEMA5A	5.096910013008056
SP1	5.096910013008056
LINC01500	5.045757490560675
CTC1	5.045757490560675
