gene	log2fc	significant
KRT1	-1.9434	True
	-1.7859	True
AQP4	1.5656	False
IGHG3	-1.2176	False
IGHG4	-1.0589	False
IGHG1	-1.0291	False
PGAM2	1.0	False
NEBL	0.8953	True
GPD1	0.7991	True
FARSA	-0.7859	False
SERPINA1	-0.7859	False
TJP2	0.774	True
ORM1	-0.7131	False
GFAP	0.7049	True
ANXA1	0.6599	True
FTL	0.6508	True
GGH	-0.6439	True
DAO	0.6323	False
ASS1	0.6135	True
ASPA	0.6135	False
APOB	-0.5995	False
SIRPB1	-0.5995	True
ADRBK1	-0.5995	False
TH	-0.5778	False
FGB	-0.5778	False
BSCL2	-0.5778	True
FN1	-0.5778	False
AKR1C3	0.5753	True
SNCB	0.5656	False
SORD	0.546	True
FARSB	-0.5353	False
AKR1C2	0.5261	True
NOMO3	-0.5146	True
ALDH1B1	-0.4941	False
TUBA8	-0.4941	True
HP1BP3	0.4854	False
TTC9C	0.4751	True
FGA	-0.4739	False
IARS	-0.4739	False
IGKC	-0.4739	False
TMEM35	-0.4739	True
GSTM4	0.4647	False
FTH1	0.4542	False
CD9	0.4542	False
FAM127A	-0.454	False
EEF1A2	-0.454	True
ERP29	-0.4344	True
NCAN	-0.4344	True
RPL35A	-0.4344	False
HP	-0.4344	False
PRKACA	-0.4344	True
HEPACAM	0.433	True
PURA	-0.415	True
SERPING1	-0.415	False
SLC2A1	-0.415	False
MYO1D	0.4005	False
ACADS	-0.3959	False
RDH13	-0.3959	True
SLC12A7	-0.3959	False
MAP4	0.3896	False
TJP1	0.3785	False
RPLP0	-0.3771	False
PLD3	-0.3771	False
HYOU1	-0.3585	True
RPS9	-0.3585	False
EEF1G	-0.3585	True
PCYOX1L	-0.3585	True
PON2	0.3561	False
MAP4K4	0.3561	True
EEF1A1	0.3561	True
DBI	0.3561	False
HIST1H2BK	0.3561	True
ALAD	0.3561	True
GMPR	0.3448	True
EZR	0.3448	True
HIST1H2BJ	0.3448	True
PHGDH	0.3448	False
RPS18	-0.3401	False
LRPPRC	-0.3401	True
BCAT1	-0.3401	True
LARS	-0.3401	False
PYGL	-0.3401	True
SIAE	-0.3401	False
RPSA	-0.3401	False
ALDH1A1	-0.3401	False
RPL28	-0.3401	True
RPS4X	-0.3401	False
RPS3	-0.3401	True
RPL6	-0.3401	False
SLC12A5	-0.3401	True
GBE1	-0.3401	True
H3F3A	0.3334	False
CD99	0.3334	True
H2AFY	0.3334	False
ITGB1	0.3219	True
CSRP1	0.3219	True
CPT1A	-0.3219	True
LAP3	0.3219	False
GSTP1	0.3219	True
ACP2	-0.3219	True
EEF1B2	-0.3219	True
FGF1	0.3219	True
WDR1	0.3219	True
FAH	0.3219	False
UQCR10	0.3103	False
LGALS3	0.3103	True
AKR1A1	0.3103	True
PRPS2	0.3103	True
PHPT1	0.3103	True
FOLR3	0.3103	False
S100B	0.3103	False
SLC1A4	-0.304	False
RPN2	-0.304	True
RPLP2	-0.304	False
HBG1	-0.304	False
SCAMP5	-0.304	True
FGG	-0.304	False
ACAD9	-0.304	True
GFM1	-0.304	True
ACE	-0.304	False
VIM	0.2987	True
HSPA2	0.2987	True
FHL1	0.2987	False
BAG3	0.2987	True
PRDX1	0.2987	True
ATL2	0.2987	False
ABHD14B	0.2869	True
CRYL1	0.2869	True
PI16	0.2869	True
CRIP2	0.2869	False
CADPS	-0.2863	True
RPS21	-0.2863	False
RPS13	-0.2863	False
ACHE	-0.2863	True
C4A	-0.2863	False
RARS	-0.2863	False
RG9MTD1	-0.2863	True
TARSL2	-0.2863	False
KIF1A	-0.2863	True
RAP1GAP	-0.2863	True
SHMT2	-0.2863	False
GC	-0.2863	False
SLC32A1	-0.2863	True
PRKAR2B	-0.2863	False
TMED7	-0.2863	False
ARSA	-0.2863	True
ESD	0.275	True
RPH3A	0.275	False
PAICS	0.275	True
TNC	0.275	False
HIST1H1E	0.275	True
SNTB1	0.275	False
PMP2	0.275	False
ERO1L	-0.2688	True
SRPK2	-0.2688	False
RAB3GAP2	-0.2688	True
MARS	-0.2688	True
SYN2	-0.2688	False
CSDE1	-0.2688	True
CCBL2	-0.2688	False
GSTK1	-0.2688	True
GLUD1	-0.2688	True
MT3	-0.2688	False
SLC6A17	-0.2688	True
HAPLN4	-0.2688	True
SNTA1	0.263	False
AHNAK	0.263	False
ALDH9A1	0.263	True
DMD	0.263	False
DAAM2	0.263	True
ARL8B	0.263	False
ACYP2	0.263	True
COTL1	0.263	True
QKI	0.263	True
RPS8	-0.2515	True
RPS16	-0.2515	False
TAC1	-0.2515	True
RPL7	-0.2515	False
SLC27A4	-0.2515	True
PSAP	-0.2515	False
PSMD12	-0.2515	False
RPS10	-0.2515	False
SYN3	-0.2515	False
ETFDH	-0.2515	True
G3BP2	-0.2515	False
SCAI	-0.2515	False
DPYSL3	0.251	False
S100A13	0.251	False
NPC2	0.251	False
ANXA2	0.251	False
LASP1	0.251	False
CA2	0.251	False
DDAH1	0.251	True
MSN	0.251	True
ANXA5	0.251	True
PGLS	0.251	True
ENTPD2	0.2388	False
PRDX6	0.2388	False
APOD	0.2388	True
APRT	0.2388	True
HIST1H4A	0.2388	False
DLG1	0.2388	True
SELENBP1	0.2388	True
CRYAB	0.2388	True
PYGM	0.2388	False
GART	0.2388	False
FNTB	0.2388	False
ATP6AP1	-0.2345	True
CACNA2D2	-0.2345	True
NIPSNAP3A	-0.2345	False
UNC13A	-0.2345	False
PDAP1	-0.2345	True
PMPCA	-0.2345	False
C3	-0.2345	False
SYNGR1	-0.2345	True
ACADSB	-0.2345	False
RPS28	-0.2345	False
PLBD2	-0.2345	True
USP11	-0.2345	True
ACO1	0.2265	True
ERMN	0.2265	False
ADAM10	0.2265	False
NIT2	0.2265	False
CNDP2	0.2265	True
SIRPA	0.2265	True
LGALS3BP	0.2265	False
IQGAP1	0.2265	True
METTL7A	0.2265	False
HNRNPA2B1	0.2265	False
USO1	-0.2176	True
RPN1	-0.2176	True
RPL4	-0.2176	False
EPRS	-0.2176	False
COX6C	-0.2176	True
ERP44	-0.2176	False
ATAD1	-0.2176	True
TTYH1	-0.2176	False
SLC1A2	-0.2176	False
MAP1S	-0.2176	False
RCN2	-0.2176	True
RPA3	-0.2176	False
GLS	-0.2176	True
SLC17A6	-0.2176	False
PADI2	0.2141	False
GJA1	0.2141	False
NRCAM	0.2141	True
HNRPDL	0.2141	False
LAMP1	0.2141	True
MYO6	0.2141	True
AK1	0.2141	False
TBCB	0.2141	False
SNCG	0.2141	False
SLC9A3R1	0.2141	True
GNG12	0.2141	True
SRI	0.2141	False
GNA13	0.2141	False
MTSS1L	0.2141	False
TNIK	0.2141	True
PFKFB2	0.2141	True
HEBP1	0.2141	False
HIST1H1C	0.2141	False
GAD1	0.2016	False
PLEC	0.2016	False
CPNE3	0.2016	True
CD81	0.2016	False
ASRGL1	0.2016	False
PHYHD1	0.2016	False
RSU1	0.2016	False
PLCD3	0.2016	False
C11ORF54	0.2016	False
LLGL1	0.2016	False
MAN2C1	0.2016	True
PBXIP1	0.2016	True
RAC1	0.2016	True
OGDHL	-0.2009	True
ABAT	-0.2009	False
RPS19	-0.2009	False
LRRC59	-0.2009	True
FFR	-0.2009	True
RPL31	-0.2009	False
RPS15A	-0.2009	True
PAM	-0.2009	False
NDUFAF2	-0.2009	False
ATP6V0A1	-0.2009	True
APOO	-0.2009	True
PPP2R5C	-0.2009	False
DDOST	-0.2009	True
PPP2CA	-0.2009	True
GNAO1	-0.2009	False
PDE10A	-0.2009	False
KTN1	-0.2009	False
CPLX1	-0.2009	False
COX7C	-0.2009	True
TRAPPC6B	-0.2009	True
ITPR1	-0.2009	False
TRIM32	-0.2009	True
SH3GL3	-0.2009	False
PPP2R5E	-0.2009	False
MRPS22	-0.2009	True
CLASP1	-0.2009	True
UQCRB	-0.2009	True
NENF	0.189	False
NT5C2	0.189	False
HNRNPD	0.189	False
CTNNA2	0.189	True
H2AFZ	0.189	False
CPT2	0.189	False
PGD	0.189	True
CBR1	0.189	False
PDLIM5	0.189	False
CST3	0.189	False
LMNB2	0.189	True
FARP1	0.189	False
GAS7	0.189	True
GLIPR2	0.189	False
PPP1R1B	0.189	False
WDR13	0.189	True
TALDO1	0.189	True
DNPEP	0.189	True
KCTD12	0.189	False
KIF5B	0.189	True
TPBG	-0.1844	False
QRSL1	-0.1844	False
SH3GL1	-0.1844	False
PGM2L1	-0.1844	False
PRKACB	-0.1844	False
RABGAP1	-0.1844	False
SEC23A	-0.1844	False
SSR4	-0.1844	False
GAD2	-0.1844	False
PDHA1	-0.1844	True
NCEH1	-0.1844	False
SV2A	-0.1844	True
SYP	-0.1844	True
YWHAH	-0.1844	True
LY6H	-0.1844	False
OPALIN	-0.1844	False
RPS5	-0.1844	False
RPS6	-0.1844	False
AK4	-0.1844	False
EIF3A	-0.1844	False
NDUFA4	-0.1844	True
PREPL	-0.1844	True
YWHAG	-0.1844	False
CLTA	-0.1844	True
NUDT19	-0.1844	False
HSPA12A	-0.1844	True
TTLL12	-0.1844	True
PPP3R1	-0.1844	False
QARS	-0.1844	False
SGSM1	-0.1844	False
SPTBN2	-0.1844	True
CMBL	0.1763	True
TLN1	0.1763	False
PGM3	0.1763	False
CDC42EP4	0.1763	False
PRKCA	0.1763	False
H2AFX	0.1763	False
GMPPA	0.1763	False
RDX	0.1763	True
MAOB	0.1763	False
KCNAB1	0.1763	False
DUT	0.1763	False
MARCKS	0.1763	False
VCAN	0.1763	False
ADD3	0.1763	True
AHCYL1	0.1763	True
COX5A	-0.1681	True
COX4I1	-0.1681	True
ATP2B1	-0.1681	False
RAPGEF4	-0.1681	False
CACYBP	-0.1681	False
PDE1C	-0.1681	False
CLCN5	-0.1681	False
ALDH2	-0.1681	True
FSD1	-0.1681	True
UBE2O	-0.1681	False
MADD	-0.1681	False
RPS3A	-0.1681	False
ACSL3	-0.1681	True
RPL12	-0.1681	False
GDAP1L1	-0.1681	False
DNAJC5	-0.1681	True
SYN1	-0.1681	True
DNAJC6	-0.1681	False
MAPK8	-0.1681	False
STX1A	-0.1681	False
PDHB	-0.1681	False
MYO5A	-0.1681	False
GNB2L1	-0.1681	False
CHCHD6	-0.1681	False
TMSB10	-0.1681	False
AGK	-0.1681	False
SGIP1	-0.1681	False
SLC25A22	-0.1681	True
EXOC4	-0.1681	True
CYB5R3	0.1635	True
ADH5	0.1635	False
FLNB	0.1635	False
STMN1	0.1635	False
DDAH2	0.1635	False
LMNA	0.1635	True
SORL1	0.1635	False
ITGB8	0.1635	False
SEPT2	0.1635	False
LAMTOR1	0.1635	False
SNX9	0.1635	True
CNP	0.1635	False
PTRF	0.1635	False
NT5E	0.1635	False
PSMA6	0.1635	False
DAK	0.1635	True
TSFM	-0.152	True
MGST3	-0.152	False
MFN2	-0.152	True
AP3B2	-0.152	False
RAB2A	-0.152	True
TIMM50	-0.152	False
PGRMC1	-0.152	True
SLC25A11	-0.152	False
PDHX	-0.152	True
VARS	-0.152	False
FBXO2	-0.152	False
ABHD12	-0.152	True
EIF3K	-0.152	False
A1BG	-0.152	False
A2M	-0.152	False
BAG6	-0.152	False
REEP1	-0.152	False
DUSP23	-0.152	False
SYNPR	-0.152	False
NDUFS5	-0.152	False
TUFM	-0.152	False
BCAP31	-0.152	True
PARS2	-0.152	False
SAMM50	-0.152	True
C6ORF174	-0.152	True
CA1	-0.152	False
MGEA5	-0.152	True
BZW1	-0.152	False
AP1M1	-0.152	True
MTCH1	-0.152	False
NF1	-0.152	True
COPB1	-0.152	False
COPG2	-0.152	False
HAPLN2	-0.152	False
MAP2	-0.152	False
SEC24C	-0.152	False
ATP6V0D1	-0.152	False
FMNL2	0.1506	True
MAPK3	0.1506	False
LIMS1	0.1506	False
EIF4B	0.1506	True
LDHB	0.1506	True
ANLN	0.1506	False
GSPT2	0.1506	False
AMPD2	0.1506	False
DYNLL1	0.1506	False
CTNNB1	0.1506	False
SERPINE2	0.1506	False
CSTB	0.1506	False
SEPT10	0.1506	False
NSFL1C	0.1506	True
AGRN	0.1506	False
PSAT1	0.1506	False
CFL1	0.1506	True
ISOC1	0.1506	False
ANKFY1	0.1506	True
HDHD2	0.1506	False
FABP5	0.1506	True
PLXNB1	0.1506	False
LTA4H	0.1506	False
PLLP	0.1506	False
BPNT1	0.1506	False
RUVBL1	0.1506	False
NDRG1	0.1506	False
PNP	0.1506	False
RCN1	0.1506	False
NME1	0.1506	False
PTGR2	0.1375	False
NINJ2	0.1375	False
ME1	0.1375	False
CHL1	0.1375	False
CADM4	0.1375	False
TSN	0.1375	False
ARL3	0.1375	True
LACTB2	0.1375	False
EIF4H	0.1375	False
RPS6KA2	0.1375	False
AKR7A2	0.1375	False
PLXNB2	0.1375	False
GNAI2	0.1375	False
PTGR1	0.1375	False
MPI	0.1375	False
PXK	0.1375	False
HSPA1A	0.1375	True
CPNE6	0.1375	False
GSN	0.1375	False
CAPNS1	0.1375	False
GMFB	0.1375	False
C9ORF64	0.1375	False
SGTB	-0.1361	False
RPS14	-0.1361	False
RPS11	-0.1361	False
OPTN	-0.1361	False
ACTN2	-0.1361	False
NIPSNAP1	-0.1361	False
ACAA2	-0.1361	False
TUBAL3	-0.1361	False
PPP2R5D	-0.1361	False
ATP1A2	-0.1361	False
CCDC6	-0.1361	False
SLC25A6	-0.1361	False
CLCN6	-0.1361	False
HPX	-0.1361	False
PSMC3	-0.1361	False
HSP90AA1	-0.1361	False
PDIA4	-0.1361	False
RAB3GAP1	-0.1361	False
RAB3C	-0.1361	False
RAB1A	-0.1361	False
MT-ND1	-0.1361	False
COX5B	-0.1361	False
EEA1	-0.1361	False
NARS	-0.1361	False
PDE1A	-0.1361	False
NAPB	-0.1361	False
DLAT	-0.1361	False
CALM1	-0.1361	False
SEC22B	-0.1361	False
PPM1H	-0.1361	False
GLUL	-0.1361	False
CANX	-0.1361	False
GAP43	-0.1361	False
TBCD	-0.1361	False
MAPK9	-0.1361	False
SYT1	-0.1361	False
BSN	-0.1361	False
TUBB2B	-0.1361	False
TXNDC5	-0.1361	False
ALDH4A1	-0.1361	False
FKBP4	-0.1361	False
NDUFS4	-0.1361	False
BCAS3	-0.1361	False
PI4KA	-0.1361	False
RPS7	-0.1361	False
TARS	-0.1361	False
PIGS	-0.1361	False
OAT	-0.1361	True
OGDH	-0.1361	True
UBE2M	0.1243	False
FAHD2A	0.1243	False
UBE2L3	0.1243	False
MBP	0.1243	False
PEBP1	0.1243	True
PEA15	0.1243	False
MTAP	0.1243	False
MAT2A	0.1243	False
KBTBD11	0.1243	False
HSPB1	0.1243	False
ABI2	0.1243	False
ACSBG1	0.1243	False
RANBP1	0.1243	False
DCXR	0.1243	False
CDK18	0.1243	False
DIP2A	0.1243	False
HNRNPF	0.1243	False
CRK	0.1243	False
SH3BGRL	0.1243	False
CORO1C	0.1243	False
CCDC127	0.1243	False
CCDC22	0.1243	False
CARKD	0.1243	False
CASK	0.1243	False
PLCD1	0.1243	False
PKM2	0.1243	False
CAPN1	0.1243	False
LGI1	0.1243	False
NDUFAB1	-0.1203	False
UBR4	-0.1203	False
ATP5I	-0.1203	False
TECR	-0.1203	False
TIMM8A	-0.1203	False
ATP1B2	-0.1203	False
ATAD3A	-0.1203	False
EIF4A2	-0.1203	False
PEX11B	-0.1203	False
MT2A	-0.1203	False
EEF2	-0.1203	False
MTX2	-0.1203	False
EIF4A1	-0.1203	False
UCHL3	-0.1203	False
NDUFB1	-0.1203	False
AP3D1	-0.1203	False
APM2	-0.1203	False
PDYN	-0.1203	False
UBQLN1	-0.1203	False
RPS12	-0.1203	False
PA2G4	-0.1203	False
RPL7A	-0.1203	False
C21ORF33	-0.1203	False
LAMP5	-0.1203	False
KIF21A	-0.1203	False
CAB39	-0.1203	False
SPTB	-0.1203	False
IRGQ	-0.1203	False
C12ORF51	-0.1203	False
C14ORF159	-0.1203	False
LRP1	-0.1203	False
PLEKHB1	-0.1203	False
SYNGR3	-0.1203	False
ATPIF1	-0.1203	False
PRKCD	-0.1203	False
CD47	-0.1203	False
IDH2	-0.1203	False
SND1	-0.1203	False
HUWE1	-0.1203	False
PRAF2	-0.1203	False
SCG2	-0.1203	False
GANAB	-0.1203	False
IMMT	-0.1203	False
PPP6R2	-0.1203	False
HSP90AB1	-0.1203	False
CLTB	-0.1203	False
SLC25A4	-0.1203	False
DMXL2	-0.1203	False
HSPA4L	-0.1203	False
HSDL1	-0.1203	False
CTBP1	-0.1203	False
CLU	-0.1203	False
COPA	-0.1203	False
SLC25A1	-0.1203	False
GNAZ	-0.1203	False
GNB1	-0.1203	False
RAB4B	-0.1203	False
SH3GLB2	-0.1203	False
SCRN1	-0.1203	False
RAB7A	-0.1203	False
VAPB	-0.1203	False
USP7	-0.1203	False
ADAR	-0.1203	False
WDR7	-0.1203	False
ACOT9	-0.1203	False
ACSL1	-0.1203	False
ENO1	0.111	False
EPB41L2	0.111	False
GRHPR	0.111	False
SEPT4	0.111	False
GSTM2	0.111	False
GPM6B	0.111	True
CUTA	0.111	False
CTNNA1	0.111	False
NADKD1	0.111	False
PDCD6	0.111	False
NCAM1	0.111	False
SH3KBP1	0.111	False
CLIC4	0.111	False
GLOD4	0.111	False
G6PD	0.111	False
PDIA6	0.111	False
EIF5A	0.111	False
DLG2	0.111	False
ADD1	0.111	False
DYNC1LI2	0.111	False
ATP6V1G2	0.111	False
SRP14	0.111	False
CAPN2	0.111	False
PFKP	0.111	False
PRKAA2	0.111	False
GCLC	0.111	False
GAPDH	0.111	False
HSPA12B	0.111	False
VCL	0.111	False
TBC1D24	0.111	False
SUGT1	0.111	False
XRCC6	0.111	False
OXSR1	0.111	False
CSNK2A1	-0.1047	False
MT-CO2	-0.1047	False
TRIM3	-0.1047	False
CYCS	-0.1047	False
RAP1GDS1	-0.1047	False
SLC25A25	-0.1047	False
APMAP	-0.1047	False
PDK3	-0.1047	False
SLC25A5	-0.1047	False
SLC25A3	-0.1047	False
PSMD7	-0.1047	False
NMT1	-0.1047	False
HIBCH	-0.1047	False
PCLO	-0.1047	False
SLC25A10	-0.1047	False
AP2S1	-0.1047	False
ANO3	-0.1047	False
TUBB6	-0.1047	False
RAB15	-0.1047	False
NDUFB4	-0.1047	False
NDUFB5	-0.1047	False
RAB3A	-0.1047	False
PARF	-0.1047	False
RPL23A	-0.1047	False
DDHD2	-0.1047	False
FDX1L	-0.1047	False
VPS35	-0.1047	False
PRODH	-0.1047	False
CLTC	-0.1047	False
METAP2	-0.1047	False
MGLL	-0.1047	False
TIMM44	-0.1047	False
ME2	-0.1047	False
ARMC10	-0.1047	False
DPP7	-0.1047	False
SUCLA2	-0.1047	False
STX12	-0.1047	False
STUB1	-0.1047	False
STRAP	-0.1047	False
STOM	-0.1047	False
LCP1	-0.1047	False
DYNC1I1	-0.1047	False
ATP8A1	-0.1047	False
ECH1	-0.1047	False
NDUFS6	-0.1047	False
VBP1	-0.1047	False
GCSH	-0.1047	False
ACAT2	-0.1047	False
ACOT7	-0.1047	False
ACSL6	-0.1047	False
USP5	-0.1047	False
DYNC1LI1	-0.1047	False
RRAS2	-0.1047	False
OSBPL8	-0.1047	False
ATP5F1	-0.1047	False
MAP3K5	-0.1047	False
ATP5J2	-0.1047	False
MARK1	-0.1047	False
BCR	-0.1047	False
PRDX4	-0.1047	False
EXOC2	-0.1047	False
RAB8B	-0.1047	False
USMG5	-0.1047	False
CRKL	-0.1047	False
TOLLIP	-0.1047	False
RAB2B	-0.1047	False
ATP1A1	-0.1047	False
IPO7	-0.1047	False
HBB	0.0976	False
NDRG4	0.0976	False
C1ORF95	0.0976	False
DTD1	0.0976	False
STAT1	0.0976	False
LRRC47	0.0976	False
RNPEP	0.0976	False
EGFR	0.0976	False
IDH1	0.0976	False
EFHD2	0.0976	False
G3BP1	0.0976	False
SLC25A23	0.0976	False
DHX9	0.0976	False
PTGES2	0.0976	False
PRRT2	0.0976	False
CTNND2	0.0976	False
PARP1	0.0976	False
PAK2	0.0976	False
PTPN11	0.0976	False
GLTP	0.0976	False
PALM2	0.0976	False
PARK7	0.0976	False
GNA11	0.0976	False
NUDT5	0.0976	False
VGF	0.0976	False
ADAP1	0.0976	False
RHOA	0.0976	False
ELMO1	0.0976	False
TAGLN2	0.0976	False
PPAP2B	0.0976	False
ST13	0.0976	False
KLC2	0.0976	False
PPT1	0.0976	False
MPST	0.0976	False
PGAM1	0.0976	False
SBF1	0.0976	False
PRPF8	0.0976	False
CD59	0.0976	False
SNX2	0.0976	False
MPP2	-0.0893	False
MINK1	-0.0893	False
TMEM30A	-0.0893	False
AP2M1	-0.0893	False
COX7A2	-0.0893	False
AP1B1	-0.0893	False
C2CD2L	-0.0893	False
SYNE1	-0.0893	False
PLXNA1	-0.0893	False
LONP1	-0.0893	False
MAP1A	-0.0893	False
ATP5H	-0.0893	False
ATP5O	-0.0893	False
SPTBN4	-0.0893	False
L1CAM	-0.0893	False
LPHN1	-0.0893	False
CRMP1	-0.0893	False
SKP1	-0.0893	False
RAB1B	-0.0893	False
TUBB	-0.0893	False
RAB4A	-0.0893	False
GOT2	-0.0893	False
NDUFB10	-0.0893	False
AMPH	-0.0893	False
RPS24	-0.0893	False
EML2	-0.0893	False
ABHD10	-0.0893	False
VPS45	-0.0893	False
SDHA	-0.0893	False
RAC3	-0.0893	False
DBN1	-0.0893	False
GNAI1	-0.0893	False
FN3KRP	-0.0893	False
PC	-0.0893	False
CNTNAP1	-0.0893	False
CTSD	-0.0893	False
TUBB4A	-0.0893	False
COPG1	-0.0893	False
SLC25A13	-0.0893	False
HNRNPA3	-0.0893	False
HPCA	-0.0893	False
HNRNPH2	-0.0893	False
GLRX5	-0.0893	False
EIF3B	-0.0893	False
SLC2A3	-0.0893	False
DLST	-0.0893	False
RAP2C	-0.0893	False
PRKAG2	-0.0893	False
NUDCD3	-0.0893	False
NDUFV2	-0.0893	False
NDUFS1	-0.0893	False
UQCRC1	-0.0893	False
DYNLL2	-0.0893	False
GDA	-0.0893	False
LYRM4	-0.0893	False
WBP2	-0.0893	False
ALB	-0.0893	False
USP9X	-0.0893	False
SULT4A1	-0.0893	False
MATR3	-0.0893	False
PPM1F	-0.0893	False
PPP5C	-0.0893	False
INPP5A	-0.0893	False
STOML2	-0.0893	False
IVD	-0.0893	False
ATL1	-0.0893	False
SCG5	-0.0893	False
SACM1L	-0.0893	False
GARS	-0.0893	False
DOCK4	-0.0893	False
HSP90B1	-0.0893	False
PEPD	-0.0893	False
ITFG1	-0.0893	False
ASAH1	-0.0893	False
ENOPH1	0.0841	False
FDPS	0.0841	False
FABP3	0.0841	False
RAB6A	0.0841	False
RAB12	0.0841	False
PYGB	0.0841	False
APPL1	0.0841	False
FLAD1	0.0841	False
PTPRF	0.0841	False
ANXA7	0.0841	False
COMT	0.0841	False
HBD	0.0841	False
HBA1	0.0841	False
HGS	0.0841	False
SEMA4D	0.0841	False
SEC14L2	0.0841	False
NEFM	0.0841	False
GMPR2	0.0841	False
TXN	0.0841	False
TRIM2	0.0841	False
DDX39B	0.0841	False
GALC	0.0841	False
STK39	0.0841	False
CAMK2G	0.0841	False
PGM1	0.0841	False
ATG3	0.0841	False
RBBP9	0.0841	False
IGHG2	0.0841	False
DPYSL2	0.0841	False
PRCP	0.0841	False
TRIM25	0.0841	False
SCAMP1	0.0841	False
LGALS1	0.0841	False
POR	0.0841	False
PPA2	0.0841	False
EIF5B	0.0841	False
VAT1	0.0841	False
NUDT16	0.0841	False
WDR47	-0.074	False
NDUFS7	-0.074	False
OTUB1	-0.074	False
UQCRQ	-0.074	False
AGL	-0.074	False
AFG3L2	-0.074	False
RGS7	-0.074	False
RHEB	-0.074	False
RUFY3	-0.074	False
RTN3	-0.074	False
LGALSL	-0.074	False
RRAGC	-0.074	False
LRRC8A	-0.074	False
PLCB1	-0.074	False
ATP6V1F	-0.074	False
BASP1	-0.074	False
SYT5	-0.074	False
ATP6V1C1	-0.074	False
BRP44	-0.074	False
BRK1	-0.074	False
SUCLG1	-0.074	False
CADM2	-0.074	False
STK32C	-0.074	False
MAPRE2	-0.074	False
ATP5L	-0.074	False
MACROD2	-0.074	False
NUMBL	-0.074	False
AK3	-0.074	False
YWHAZ	-0.074	False
EXOC8	-0.074	False
DBT	-0.074	False
PLXNA4	-0.074	False
PPME1	-0.074	False
PPIB	-0.074	False
MDH2	-0.074	False
ARRB1	-0.074	False
INF2	-0.074	False
ATP1B1	-0.074	False
CALB1	-0.074	False
PHB	-0.074	False
CAMKK1	-0.074	False
SRSF1	-0.074	False
SCAMP3	-0.074	False
CCT2	-0.074	False
SNRNP200	-0.074	False
IARS2	-0.074	False
ARHGDIB	-0.074	False
IAH1	-0.074	False
HTT	-0.074	False
HSPA9	-0.074	False
TRAP1	-0.074	False
ARL6IP5	-0.074	False
TLN2	-0.074	False
MT1F	-0.074	False
SOD2	-0.074	False
CAPZA1	-0.074	False
CASKIN1	-0.074	False
KCMF1	-0.074	False
DLG4	-0.074	False
FH	-0.074	False
CHDH	-0.074	False
CDK5	-0.074	False
DSTN	-0.074	False
EIF5	-0.074	False
EHD1	-0.074	False
FIS1	-0.074	False
DLD	-0.074	False
CCT5	-0.074	False
CRAT	-0.074	False
NCDN	-0.074	False
CRYZ	-0.074	False
SLC12A2	-0.074	False
RAB35	-0.074	False
RAB22A	-0.074	False
APOE	-0.074	False
NAPA	-0.074	False
NCOA7	-0.074	False
NDUFA11	-0.074	False
HEATR7A	-0.074	False
CNTNAP2	-0.074	False
TUBA4A	-0.074	False
AP2A2	-0.074	False
MYADM	-0.074	False
MYH11	-0.074	False
TPP2	-0.074	False
PSMC5	-0.074	False
PSMD3	-0.074	False
SLC25A18	-0.074	False
HRAS	-0.074	False
DDX3X	-0.074	False
NNT	-0.074	False
NDUFB8	-0.074	False
GPHN	-0.074	False
RAB5A	-0.074	False
SEPT11	-0.074	False
WARS	-0.074	False
SH3GL2	-0.074	False
NDUFA9	-0.074	False
CYB5R1	-0.074	False
NDUFB11	-0.074	False
SFXN1	-0.074	False
PLIN3	0.0704	False
OSTF1	0.0704	False
MAPK1	0.0704	False
RRAS	0.0704	False
BAIAP2	0.0704	False
MAT2B	0.0704	False
PHYHIP	0.0704	False
PHKB	0.0704	False
MAP2K1	0.0704	False
TCEB1	0.0704	False
TESC	0.0704	False
HSDL2	0.0704	False
PHYHIPL	0.0704	False
PPP1R21	0.0704	False
CALB2	0.0704	False
CAMK4	0.0704	False
CAMK1D	0.0704	False
ARPP21	0.0704	False
ATCAY	0.0704	False
ARPC3	0.0704	False
ILVBL	0.0704	False
DKK3	0.0704	False
ARFGEF3	0.0704	False
S100A16	0.0704	False
ARPC1A	0.0704	False
SOD1	0.0704	False
PFN1	0.0704	False
CPQ	0.0704	False
HINT1	0.0704	False
MTMR2	0.0704	False
CSE1L	0.0704	False
NAP1L1	0.0704	False
PDCD5	0.0704	False
APOL2	0.0704	False
APOA1	0.0704	False
HADHB	0.0704	False
HADHA	0.0704	False
DCTN4	0.0704	False
SEPT3	0.0704	False
GNPDA1	0.0704	False
GSR	0.0704	False
CYB5R2	0.0704	False
SEPT9	0.0704	False
SEPT8	0.0704	False
UBA6	0.0704	False
RAD23B	0.0704	False
RAP1B	0.0704	False
DCLK1	0.0704	False
DCTN2	0.0704	False
UBQLN2	0.0704	False
NEFL	0.0704	False
VPS13C	0.0704	False
AARS	0.0704	False
HECW2	-0.0589	False
STXBP5	-0.0589	False
GNG7	-0.0589	False
GPM6A	-0.0589	False
PACSIN1	-0.0589	False
USP46	-0.0589	False
UQCRH	-0.0589	False
UQCRC2	-0.0589	False
ADSS	-0.0589	False
OGT	-0.0589	False
PTPRN	-0.0589	False
GTPBP1	-0.0589	False
RAB18	-0.0589	False
PSMD5	-0.0589	False
GPC1	-0.0589	False
CAB39L	-0.0589	False
CAMK2A	-0.0589	False
HSPA5	-0.0589	False
NDUFA13	-0.0589	False
DNAJB1	-0.0589	False
COX6B1	-0.0589	False
CPNE5	-0.0589	False
TAGLN3	-0.0589	False
SYT2	-0.0589	False
SYNJ1	-0.0589	False
HSPH1	-0.0589	False
TCP1	-0.0589	False
ATP6V1E1	-0.0589	False
PSMB2	-0.0589	False
GCDH	-0.0589	False
RDH11	-0.0589	False
RBP1	-0.0589	False
PRDX3	-0.0589	False
MTCH2	-0.0589	False
PDIA3	-0.0589	False
NCKAP1	-0.0589	False
NDUFA7	-0.0589	False
NDUFA5	-0.0589	False
IGLC2	-0.0589	False
HSD17B12	-0.0589	False
PRKAR2A	-0.0589	False
FAM49A	-0.0589	False
ATP2A2	-0.0589	False
ATP1A3	-0.0589	False
PPAT	-0.0589	False
CCT8	-0.0589	False
CCT7	-0.0589	False
CCT4	-0.0589	False
EML1	-0.0589	False
EIF4G2	-0.0589	False
EPS15L1	-0.0589	False
TOMM70A	-0.0589	False
ANK3	-0.0589	False
UBB	-0.0589	False
TXNL1	-0.0589	False
CKMT1A	-0.0589	False
SLC25A46	-0.0589	False
SLC25A12	-0.0589	False
DDB1	-0.0589	False
TPT1	-0.0589	False
FAF2	-0.0589	False
CCT3	-0.0589	False
SMYD5	-0.0589	False
CHCHD3	-0.0589	False
CEND1	-0.0589	False
MARC2	-0.0589	False
PIP5K1C	-0.0589	False
TUBB3	-0.0589	False
TUBB2A	-0.0589	False
AP2A1	-0.0589	False
ECHS1	-0.0589	False
EIF2S1	-0.0589	False
DNM1	-0.0589	False
VDAC3	-0.0589	False
VDAC2	-0.0589	False
ACLY	-0.0589	False
ACYP1	-0.0589	False
NPTN	-0.0589	False
HIBADH	-0.0589	False
NDUFS3	-0.0589	False
NDUFS2	-0.0589	False
DECR1	-0.0589	False
CS	-0.0589	False
CYC1	-0.0589	False
YWHAB	-0.0589	False
YARS	-0.0589	False
DHX15	0.0566	False
CRTAC1	0.0566	False
NPEPPS	0.0566	False
PAFAH1B1	0.0566	False
VPS4A	0.0566	False
ACTR3B	0.0566	False
PLS3	0.0566	False
CDC42	0.0566	False
PFKL	0.0566	False
ENPP6	0.0566	False
MARCKSL1	0.0566	False
RRBP1	0.0566	False
DNM2	0.0566	False
ENDOD1	0.0566	False
AHCY	0.0566	False
VWA5A	0.0566	False
APOA1BP	0.0566	False
ARF3	0.0566	False
TXNRD1	0.0566	False
SPTBN1	0.0566	False
CAPG	0.0566	False
ALDH7A1	0.0566	False
ARHGDIA	0.0566	False
TST	0.0566	False
CISD1	0.0566	False
ANK2	0.0566	False
MAPT	0.0566	False
UTRN	0.0566	False
NDE1	0.0566	False
OMG	0.0566	False
HINT2	0.0566	False
PTPN5	0.0566	False
NAPG	0.0566	False
MUT	0.0566	False
GLRX	0.0566	False
BLVRB	0.0566	False
TFCP2	0.0566	False
SYNJ2BP	0.0566	False
RCL	0.0566	False
RASGRP2	0.0566	False
FERMT2	0.0566	False
RPL8	0.0566	False
FSCN1	0.0566	False
RNH1	0.0566	False
GSK3A	0.0566	False
CADM3	0.0566	False
ACAA1	0.0566	False
ACSS3	0.0566	False
SERPINB6	0.0566	False
CTNND1	0.0566	False
COQ6	0.0566	False
NDUFA2	0.0566	False
GSTO1	0.0566	False
PTP4A2	0.0566	False
PTGDS	0.0566	False
HNRNPK	0.0566	False
PTK2B	0.0566	False
HADH	0.0566	False
GPR158	0.0566	False
PPIA	0.0566	False
INA	0.0566	False
FYN	0.0566	False
PPM1A	0.0566	False
PPP1R7	-0.0439	False
KIF5C	-0.0439	False
ACO2	-0.0439	False
VPS29	-0.0439	False
CSNK1D	-0.0439	False
CBR3	-0.0439	False
SNCA	-0.0439	False
PFDN5	-0.0439	False
EPHB6	-0.0439	False
CCNY	-0.0439	False
MIF	-0.0439	False
EFR3B	-0.0439	False
CUL3	-0.0439	False
SH3GLB1	-0.0439	False
DIAPH1	-0.0439	False
VPS25	-0.0439	False
ABHD16A	-0.0439	False
CADM1	-0.0439	False
CACNA2D3	-0.0439	False
GNB5	-0.0439	False
CACNB4	-0.0439	False
ADCY5	-0.0439	False
OPCML	-0.0439	False
NDUFV1	-0.0439	False
P4HB	-0.0439	False
C6ORF211	-0.0439	False
GNAL	-0.0439	False
NFS1	-0.0439	False
COPS5	-0.0439	False
COPS4	-0.0439	False
COX7A2L	-0.0439	False
SLC1A3	-0.0439	False
HSD17B10	-0.0439	False
BCL2L13	-0.0439	False
CALR	-0.0439	False
CAMK1	-0.0439	False
PSMD6	-0.0439	False
GPI	-0.0439	False
HNRNPU	-0.0439	False
GLO1	-0.0439	False
ESYT1	-0.0439	False
ARHGAP1	-0.0439	False
CHGB	-0.0439	False
APEX1	-0.0439	False
LGI3	-0.0439	False
TPI1	-0.0439	False
SLC25A27	-0.0439	False
CCT6A	-0.0439	False
VDAC1	-0.0439	False
VCP	-0.0439	False
AIP	-0.0439	False
RRAGA	-0.0439	False
ATP5B	-0.0439	False
TF	-0.0439	False
BCS1L	-0.0439	False
GLRX3	-0.0439	False
AUH	-0.0439	False
NDUFA6	-0.0439	False
NDUFA12	-0.0439	False
PTPLAD1	-0.0439	False
PCCB	-0.0439	False
ATP9A	-0.0439	False
ATP6V1H	-0.0439	False
GBAS	-0.0439	False
IDH3B	-0.0439	False
GAA	-0.0439	False
PDXP	-0.0439	False
MTM1	-0.0439	False
PCCA	-0.0439	False
PCP4	-0.0439	False
FKBP2	-0.0439	False
IDH3G	-0.0439	False
ATP5J	-0.0439	False
RGS14	-0.0439	False
LDHA	-0.0439	False
IQSEC1	-0.0439	False
PNPT1	-0.0439	False
TMX4	-0.0439	False
YWHAQ	0.0426	False
NRXN3	0.0426	False
FAIM2	0.0426	False
CAP1	0.0426	False
ELMOD1	0.0426	False
TPP1	0.0426	False
TNR	0.0426	False
MAG	0.0426	False
TPM3	0.0426	False
UCHL1	0.0426	False
AP3B1	0.0426	False
CLDN11	0.0426	False
LANCL2	0.0426	False
SDHB	0.0426	False
S100A1	0.0426	False
MAPK8IP3	0.0426	False
CFL2	0.0426	False
EPN1	0.0426	False
TXNDC17	0.0426	False
CLIP2	0.0426	False
LSAMP	0.0426	False
MAOA	0.0426	False
MAPRE1	0.0426	False
DPYSL4	0.0426	False
EDIL3	0.0426	False
PPP2CB	0.0426	False
PPP1CB	0.0426	False
PPP2R2A	0.0426	False
ARPC2	0.0426	False
TKT	0.0426	False
FUK	0.0426	False
PRKCE	0.0426	False
HSD17B4	0.0426	False
INPP1	0.0426	False
BDH2	0.0426	False
RAP2B	0.0426	False
GAMT	0.0426	False
PSMA5	0.0426	False
NAGK	0.0426	False
PAFAH1B3	0.0426	False
PRDX2	0.0426	False
ISOC2	0.0426	False
PPP3CA	0.0426	False
ARMCX3	0.0426	False
ARL8A	0.0426	False
RNF170	0.0426	False
CPNE2	0.0426	False
MYH14	0.0426	False
CAT	0.0426	False
PSMA4	0.0426	False
PTGES3	0.0426	False
HNRNPM	0.0426	False
CACNA2D1	0.0426	False
PDCD6IP	0.0426	False
MYH9	0.0426	False
RAB5C	0.0426	False
RABEP1	0.0426	False
OLA1	0.0426	False
ADAM23	0.0426	False
GRB2	0.0426	False
GRM3	0.0426	False
C14ORF166	0.0426	False
ACTB	0.0426	False
C20ORF27	0.0426	False
ACTR3	0.0426	False
ACTR1A	0.0426	False
ABCF1	-0.0291	False
ACADM	-0.0291	False
ACTN1	-0.0291	False
VSNL1	-0.0291	False
RAB10	-0.0291	False
AAK1	-0.0291	False
ACAT1	-0.0291	False
SURF4	-0.0291	False
RAB14	-0.0291	False
GSTT2	-0.0291	False
GPS1	-0.0291	False
GRM2	-0.0291	False
RAB39B	-0.0291	False
STRN	-0.0291	False
STXBP1	-0.0291	False
PSMA1	-0.0291	False
CARNS1	-0.0291	False
SSBP1	-0.0291	False
GOT1	-0.0291	False
HMGB1	-0.0291	False
HK1	-0.0291	False
PTPRS	-0.0291	False
PTPRN2	-0.0291	False
BCAS1	-0.0291	False
PRPS1	-0.0291	False
PSMD11	-0.0291	False
PSMD2	-0.0291	False
TMOD2	-0.0291	False
ATP5C1	-0.0291	False
HSPD1	-0.0291	False
KIAA0564	-0.0291	False
HSPA4	-0.0291	False
ETFA	-0.0291	False
FASN	-0.0291	False
FBXL16	-0.0291	False
FAM213A	-0.0291	False
PPP6C	-0.0291	False
GABARAPL2	-0.0291	False
IGSF8	-0.0291	False
GDAP1	-0.0291	False
GDI1	-0.0291	False
ATP2B3	-0.0291	False
PSMB7	-0.0291	False
ATP5A1	-0.0291	False
BDH1	-0.0291	False
ATP6V1B2	-0.0291	False
HSPA8	-0.0291	False
CRYM	-0.0291	False
OXCT1	-0.0291	False
UQCRFS1	-0.0291	False
XRCC5	-0.0291	False
NUDC	-0.0291	False
SFXN5	-0.0291	False
NDUFS8	-0.0291	False
MTOR	-0.0291	False
PDXK	-0.0291	False
SEL1L	-0.0291	False
SCN2A	-0.0291	False
CNTN1	-0.0291	False
CMPK1	-0.0291	False
PCSK1N	-0.0291	False
NDUFA10	-0.0291	False
MTX3	-0.0291	False
UBE2V2	-0.0291	False
UBA1	-0.0291	False
MON2	-0.0291	False
MMS19	-0.0291	False
THY1	-0.0291	False
ATP6V1A	-0.0291	False
EPHX1	-0.0291	False
PHB2	-0.0291	False
TSPAN8	-0.0291	False
TPM4	-0.0291	False
ARPC5L	-0.0291	False
ASNA1	-0.0291	False
CD44	-0.0291	False
EPN3	-0.0291	False
PPP3CB	-0.0291	False
CAPZB	-0.0291	False
ARHGEF7	-0.0291	False
LPHN3	-0.0291	False
MYL12A	-0.0291	False
NDUFA8	-0.0291	False
DNAJA2	-0.0291	False
CORO2B	-0.0291	False
SERPINB8	-0.0291	False
PACSIN2	-0.0291	False
ADD2	-0.0291	False
ENO2	-0.0291	False
AP1G1	-0.0291	False
ANXA6	-0.0291	False
TUBA1A	-0.0291	False
ALDH3A2	-0.0291	False
MYH10	-0.0291	False
PEX19	-0.0291	False
DYNLRB1	-0.0291	False
DNM3	-0.0291	False
NAE1	-0.0291	False
AKAP12	-0.0291	False
SAR1A	-0.0291	False
YWHAE	0.0286	False
ABR	0.0286	False
WFS1	0.0286	False
VAT1L	0.0286	False
RAN	0.0286	False
GSS	0.0286	False
GNAS	0.0286	False
GUCY1B3	0.0286	False
PTPRZ1	0.0286	False
ABCE1	0.0286	False
STXBP3	0.0286	False
CARHSP1	0.0286	False
PSMA2	0.0286	False
CAND1	0.0286	False
CAMK2B	0.0286	False
SRM	0.0286	False
HPCAL4	0.0286	False
HAGH	0.0286	False
GYG1	0.0286	False
RAB6B	0.0286	False
PLP1	0.0286	False
LAMTOR3	0.0286	False
ARF4	0.0286	False
TPM1	0.0286	False
KIF2A	0.0286	False
SNAP25	0.0286	False
SLK	0.0286	False
PPOX	0.0286	False
IPO5	0.0286	False
SNX27	0.0286	False
LHPP	0.0286	False
PPP1CC	0.0286	False
FN3K	0.0286	False
BIN1	0.0286	False
TCEB2	0.0286	False
PRDX5	0.0286	False
PSMA7	0.0286	False
GDI2	0.0286	False
PRKCG	0.0286	False
ATIC	0.0286	False
HSPG2	0.0286	False
KIAA1045	0.0286	False
APEH	0.0286	False
PIP4K2B	0.0286	False
PITPNM1	0.0286	False
PITRM1	0.0286	False
MCCC2	0.0286	False
MGST1	0.0286	False
MCTS1	0.0286	False
SMPD3	0.0286	False
NDRG2	0.0286	False
ALCAM	0.0286	False
PCYOX1	0.0286	False
CKAP5	0.0286	False
COASY	0.0286	False
MCCC1	0.0286	False
PIP4K2A	0.0286	False
ANKMY2	0.0286	False
MYLK	0.0286	False
VAMP2	0.0286	False
SLC12A6	0.0286	False
CPLX2	0.0286	False
NCAM2	0.0286	False
PAK1	0.0286	False
OSBP	0.0286	False
AKR1B1	0.0286	False
NME2	0.0286	False
NECAB2	0.0286	False
OPA3	0.0286	False
NLRX1	0.0286	False
SEPT7	0.0286	False
SH3BGRL3	0.0286	False
SEPT5	0.0286	False
CUL4B	0.0286	False
ZC2HC1A	0.0286	False
NPM1	-0.0145	False
OPA1	-0.0145	False
OSBPL1A	-0.0145	False
PFKM	-0.0145	False
NIF3L1	-0.0145	False
ACTN4	-0.0145	False
SIRT2	-0.0145	False
CUL1	-0.0145	False
CPE	-0.0145	False
CTSB	-0.0145	False
PGK1	-0.0145	False
AIFM1	-0.0145	False
PDE2A	-0.0145	False
PDPR	-0.0145	False
MDH1	-0.0145	False
ME3	-0.0145	False
COQ9	-0.0145	False
DNAJA4	-0.0145	False
DIP2C	-0.0145	False
PCMT1	-0.0145	False
ALDOC	-0.0145	False
DNM1L	-0.0145	False
DCTN3	-0.0145	False
HDHD3	-0.0145	False
QDPR	-0.0145	False
RAB11B	-0.0145	False
STRN4	-0.0145	False
ETF1	-0.0145	False
HRSP12	-0.0145	False
RPL5	-0.0145	False
GNL1	-0.0145	False
RAP2A	-0.0145	False
ROCK2	-0.0145	False
RHOT1	-0.0145	False
DST	-0.0145	False
FLNA	-0.0145	False
FLOT2	-0.0145	False
CAP2	-0.0145	False
EPB41	-0.0145	False
CDS2	-0.0145	False
ETFB	-0.0145	False
DYNC1H1	-0.0145	False
EHD3	-0.0145	False
HPRT1	-0.0145	False
PSMC4	-0.0145	False
PRNP	-0.0145	False
LSS	-0.0145	False
ILF3	-0.0145	False
KLC1	-0.0145	False
PPP2R1A	-0.0145	False
KPNB1	-0.0145	False
USP14	-0.0145	False
PABPC1	-0.0145	False
NDUFB9	-0.0145	False
PACS1	-0.0145	False
PRPSAP2	-0.0145	False
WDFY3	-0.0145	False
CUL2	-0.0145	False
CYFIP1	-0.0145	False
KPNA4	-0.0145	False
APP	-0.0145	False
PRMT5	-0.0145	False
MAP6	-0.0145	False
LAMB2	-0.0145	False
LIPE	-0.0145	False
RAB30	-0.0145	False
GNB2	-0.0145	False
ALDH1L1	-0.0145	False
MVP	-0.0145	False
MBOAT7	-0.0145	False
TWF2	-0.0145	False
MAPRE3	-0.0145	False
PGRMC2	-0.0145	False
ERLIN2	-0.0145	False
RAB5B	-0.0145	False
LCHN	-0.0145	False
PPFIA3	-0.0145	False
RAP1A	-0.0145	False
BLVRA	-0.0145	False
TRAPPC1	-0.0145	False
PREP	-0.0145	False
LUC7L2	-0.0145	False
PRKAA1	-0.0145	False
MAP2K4	-0.0145	False
MTHFD1	0.0144	False
NAMPT	0.0144	False
SACS	0.0144	False
PGP	0.0144	False
DDX17	0.0144	False
SLC25A42	0.0144	False
ACTR2	0.0144	False
ACSS1	0.0144	False
NFASC	0.0144	False
ACTG2	0.0144	False
NUDT3	0.0144	False
CLASP2	0.0144	False
MPDU1	0.0144	False
MPP6	0.0144	False
UBA3	0.0144	False
DNAJB4	0.0144	False
MOG	0.0144	False
PFN2	0.0144	False
DIP2B	0.0144	False
COPS3	0.0144	False
FECH	0.0144	False
GPD2	0.0144	False
STIP1	0.0144	False
BCAN	0.0144	False
PSMF1	0.0144	False
RHOG	0.0144	False
HNRNPC	0.0144	False
RHOB	0.0144	False
C11ORF68	0.0144	False
STX1B	0.0144	False
BSG	0.0144	False
AP2B1	0.0144	False
PHACTR1	0.0144	False
PLCL1	0.0144	False
GPX4	0.0144	False
FLOT1	0.0144	False
CARS	0.0144	False
DYNC1I2	0.0144	False
RTN4	0.0144	False
CAPZA2	0.0144	False
SRC	0.0144	False
SPTAN1	0.0144	False
SNX3	0.0144	False
DDRGK1	0.0144	False
DDT	0.0144	False
SCN4B	0.0144	False
CEP170	0.0144	False
DPYSL5	0.0144	False
DPP6	0.0144	False
DPP3	0.0144	False
PPA1	0.0144	False
H2AFJ	0.0144	False
TGM2	0.0144	False
TFAM	0.0144	False
PICALM	0.0144	False
IMPA1	0.0144	False
LETM1	0.0144	False
MACF1	0.0144	False
HMOX2	0.0144	False
KCNMA1	0.0144	False
KCNAB2	0.0144	False
TPPP3	0.0144	False
TPD52	0.0144	False
HINT3	0.0144	False
GMDS	0.0144	False
PRPSAP1	0.0144	False
PITHD1	0.0144	False
PPP2R4	0.0144	False
HSPE1	0.0144	False
PSMB3	0.0144	False
ARPC4	0.0144	False
CUL5	0.0144	False
XPNPEP1	0.0144	False
WDR37	0.0144	False
ACOT13	0.0144	False
PSMA3	0.0144	False
CYFIP2	0.0144	False
SH2D5	0.0144	False
SFXN3	0.0144	False
PALM	0.0144	False
MYL6	0.0144	False
PACS2	0.0144	False
PCBP1	0.0144	False
USP15	0.0144	False
PCBP2	0.0144	False
XPOT	0.0144	False
XPO4	0.0144	False
XPO1	0.0	False
XPO7	0.0	False
OXR1	0.0	False
UGP2	0.0	False
ADK	0.0	False
ADAM22	0.0	False
NTM	0.0	False
NEFH	0.0	False
CTBP2	0.0	False
SF3B3	0.0	False
PSMB1	0.0	False
ITPR2	0.0	False
TIMM9	0.0	False
ATP2B2	0.0	False
IGHA1	0.0	False
LIN7A	0.0	False
TPPP	0.0	False
TNPO1	0.0	False
GSTM3	0.0	False
PRKDC	0.0	False
PRKCSH	0.0	False
PRKCB	0.0	False
PRKAR1A	0.0	False
IDH3A	0.0	False
ATP2B4	0.0	False
TBCA	0.0	False
ATP6V1G1	0.0	False
PSMB5	0.0	False
KCNA1	0.0	False
PIN1	0.0	False
MAP1B	0.0	False
TTC37	0.0	False
ARL2	0.0	False
ARHGEF2	0.0	False
ARF5	0.0	False
LANCL1	0.0	False
GPX1	0.0	False
GNAQ	0.0	False
ATP6V1D	0.0	False
BRAF	0.0	False
PSMC2	0.0	False
HNRNPA1	0.0	False
REEP5	0.0	False
C22ORF28	0.0	False
RAB21	0.0	False
PNPO	0.0	False
PFDN2	0.0	False
ALDH6A1	0.0	False
ALDH5A1	0.0	False
TUBB4B	0.0	False
EPB49	0.0	False
EPB41L3	0.0	False
EPB41L1	0.0	False
RALA	0.0	False
CAMK2D	0.0	False
GIT1	0.0	False
ROBO2	0.0	False
FAM49B	0.0	False
SPR	0.0	False
DDX1	0.0	False
EXOC7	0.0	False
SNAP91	0.0	False
RTN1	0.0	False
ENSA	0.0	False
PITPNA	0.0	False
NAP1L4	0.0	False
UBE2N	0.0	False
ALDOA	0.0	False
SEPT6	0.0	False
DCTN1	0.0	False
DARS	0.0	False
SARS2	0.0	False
SARS	0.0	False
RYR2	0.0	False
RYR1	0.0	False
CKB	0.0	False
COPS2	0.0	False
PDE1B	0.0	False
PCYT2	0.0	False
PCSK2	0.0	False
SCCPDH	0.0	False
CORO1A	0.0	False
COPS6	0.0	False
YKT6	0.0	False
ACTR10	0.0	False
VAPA	0.0	False
ACADVL	0.0	False
NSF	0.0	False
AARSD1	0.0	False
NPDC1	0.0	False
